grid_id,center_lat,center_lon,elevation_m,slope_degree,landcover_class,imperviousness_percent,historical_risk,risk_score
1,12.8232052,80.1280553,37.224857330322266,1.319108412379724,30,7.875,No historical polygon,-1
2,12.8232052,80.1380553,27.750699996948242,0.2704066079914557,40,2.020833333333333,No historical polygon,-1
3,12.8232052,80.14805530000001,28.974123001098633,0.22293199038229541,10,0.09027777777777778,No historical polygon,-1
4,12.8232052,80.1580553,20.832435607910156,0.5716658561929365,10,1.2916666666666667,No historical polygon,-1
5,12.8232052,80.1680553,23.41554069519043,0.4619131090357666,10,11.8125,No historical polygon,-1
6,12.8232052,80.17805530000001,18.030696868896484,0.990708104445326,10,2.1597222222222223,No historical polygon,-1
7,12.8232052,80.1880553,13.918904304504395,1.1024126175471516,10,0.8541666666666666,No historical polygon,-1
8,12.8232052,80.19805530000001,9.686049461364746,3.437614036390186,10,12.819444444444445,No historical polygon,-1
9,12.8232052,80.2080553,5.544576168060303,0.7110865758524055,10,22.944444444444446,No historical polygon,-1
10,12.8232052,80.2180553,5.510826587677002,1.8991632327550452,50,56.75694444444444,No historical polygon,-1
11,12.8232052,80.22805530000001,4.991334438323975,4.675725785486487,10,35.875,No historical polygon,-1
12,12.8232052,80.2380553,0.0,1.6604346136726678,10,31.71527777777778,No historical polygon,-1
13,12.8232052,80.2480553,0.0,0.6950979833823141,80,12.63888888888889,Low,1
14,12.8232052,80.25805530000001,0.0,0.0,80,0.0,No historical polygon,-1
15,12.8232052,80.2680553,0.0,0.0,80,0.0,No historical polygon,-1
16,12.8232052,80.2780553,0.0,0.0,80,0.0,No historical polygon,-1
17,12.8232052,80.28805530000001,0.0,0.0,80,0.0,No historical polygon,-1
18,12.8232052,80.2980553,0.0,0.0,80,0.0,No historical polygon,-1
19,12.8232052,80.3080553,0.0,0.0,80,0.0,No historical polygon,-1
20,12.8232052,80.3180553,0.0,0.0,80,0.0,No historical polygon,-1
21,12.8232052,80.3280553,0.0,0.0,80,0.0,No historical polygon,-1
22,12.8332052,80.1280553,30.107196807861328,1.1681250935417242,40,11.465277777777779,No historical polygon,-1
23,12.8332052,80.1380553,34.29759216308594,0.639384292859874,40,28.0625,No historical polygon,-1
24,12.8332052,80.14805530000001,22.457841873168945,0.743545621620102,30,0.8402777777777778,No historical polygon,-1
25,12.8332052,80.1580553,21.389484405517578,2.7754326941379324,10,19.51388888888889,No historical polygon,-1
26,12.8332052,80.1680553,17.718313217163086,1.4899703568410896,40,22.583333333333332,No historical polygon,-1
27,12.8332052,80.17805530000001,12.27980899810791,1.7274802469757229,10,7.465277777777778,No historical polygon,-1
28,12.8332052,80.1880553,17.376882553100586,1.6909275189483592,10,0.951388888888889,No historical polygon,-1
29,12.8332052,80.19805530000001,6.5,0.0,10,11.5,No historical polygon,-1
30,12.8332052,80.2080553,5.986976146697998,1.6348456551940407,30,5.451388888888889,No historical polygon,-1
31,12.8332052,80.2180553,4.3798956871032715,0.5520393042346472,50,36.048611111111114,No historical polygon,-1
32,12.8332052,80.22805530000001,8.203958511352539,1.125246457615365,50,40.75,No historical polygon,-1
33,12.8332052,80.2380553,0.0,3.3276935414936895,50,29.916666666666668,No historical polygon,-1
34,12.8332052,80.2480553,0.0,3.3922283453745155,80,11.534722222222223,No historical polygon,-1
35,12.8332052,80.25805530000001,0.0,0.0,80,0.0,No historical polygon,-1
36,12.8332052,80.2680553,0.0,0.0,80,0.0,No historical polygon,-1
37,12.8332052,80.2780553,0.0,0.0,80,0.0,No historical polygon,-1
38,12.8332052,80.28805530000001,0.0,0.0,80,0.0,No historical polygon,-1
39,12.8332052,80.2980553,0.0,0.0,80,0.0,No historical polygon,-1
40,12.8332052,80.3080553,0.0,0.0,80,0.0,No historical polygon,-1
41,12.8332052,80.3180553,0.0,0.0,80,0.0,No historical polygon,-1
42,12.8332052,80.3280553,0.0,0.0,80,0.0,No historical polygon,-1
43,12.8432052,80.1280553,27.562450408935547,1.248291162859199,10,7.645833333333334,No historical polygon,-1
44,12.8432052,80.1380553,35.354827880859375,2.0719999650545247,50,30.569444444444443,No historical polygon,-1
45,12.8432052,80.14805530000001,24.65592384338379,2.540504434951455,10,26.59722222222222,Very Low,0
46,12.8432052,80.1580553,18.015058517456055,1.5591790597396535,40,27.381944444444446,Very Low,0
47,12.8432052,80.1680553,11.1097412109375,0.24905247921564191,40,8.3125,Very Low,0
48,12.8432052,80.17805530000001,8.827850341796875,0.37825095055915975,40,12.208333333333334,No historical polygon,-1
49,12.8432052,80.1880553,11.0,0.0,30,10.444444444444445,No historical polygon,-1
50,12.8432052,80.19805530000001,12.814399719238281,0.626037558277619,10,18.0,No historical polygon,-1
51,12.8432052,80.2080553,9.881278038024902,2.0828361847548558,50,28.84027777777778,No historical polygon,-1
52,12.8432052,80.2180553,4.198807239532471,1.1984309316634232,50,30.451388888888886,No historical polygon,-1
53,12.8432052,80.22805530000001,8.003767013549805,2.5306046406993605,50,56.076388888888886,No historical polygon,-1
54,12.8432052,80.2380553,2.10770583152771,0.6143120020897457,10,18.46527777777778,No historical polygon,-1
55,12.8432052,80.2480553,6.986039161682129,8.832195924199794,80,6.604166666666666,No historical polygon,-1
56,12.8432052,80.25805530000001,0.0,0.0,80,0.0,No historical polygon,-1
57,12.8432052,80.2680553,0.0,0.0,80,0.0,No historical polygon,-1
58,12.8432052,80.2780553,0.0,0.0,80,0.0,No historical polygon,-1
59,12.8432052,80.28805530000001,0.0,0.0,80,0.0,No historical polygon,-1
60,12.8432052,80.2980553,0.0,0.0,80,0.0,No historical polygon,-1
61,12.8432052,80.3080553,0.0,0.0,80,0.0,No historical polygon,-1
62,12.8432052,80.3180553,0.0,0.0,80,0.0,No historical polygon,-1
63,12.8432052,80.3280553,0.0,0.0,80,0.0,No historical polygon,-1
64,12.8532052,80.1280553,32.62839126586914,4.092760679150282,10,4.756944444444445,No historical polygon,-1
65,12.8532052,80.1380553,22.50185203552246,1.6809478891493506,10,29.604166666666664,No historical polygon,-1
66,12.8532052,80.14805530000001,23.752866744995117,1.5804064445533106,40,18.97222222222222,Very Low,0
67,12.8532052,80.1580553,13.412038803100586,3.805708413279231,30,3.5833333333333335,No historical polygon,-1
68,12.8532052,80.1680553,11.366486549377441,0.2685951965583848,40,19.97222222222222,No historical polygon,-1
69,12.8532052,80.17805530000001,10.3163480758667,1.2724049632134817,40,8.98611111111111,No historical polygon,-1
70,12.8532052,80.1880553,11.198719024658203,3.048199515737211,40,23.125,No historical polygon,-1
71,12.8532052,80.19805530000001,14.74964714050293,4.173910003626158,50,28.923611111111114,No historical polygon,-1
72,12.8532052,80.2080553,5.447452545166016,1.5099863986316882,80,18.23611111111111,No historical polygon,-1
73,12.8532052,80.2180553,3.460055112838745,0.33949372894503976,40,23.20138888888889,High,3
74,12.8532052,80.22805530000001,11.542530059814453,4.208568277666834,10,28.895833333333332,Moderate,2
75,12.8532052,80.2380553,2.243150234222412,0.20373255858808673,50,30.07638888888889,No historical polygon,-1
76,12.8532052,80.2480553,6.895506381988525,1.119323047505183,80,29.28472222222222,No historical polygon,-1
77,12.8532052,80.25805530000001,0.0,0.0,80,0.0,No historical polygon,-1
78,12.8532052,80.2680553,0.0,0.0,80,0.0,No historical polygon,-1
79,12.8532052,80.2780553,0.0,0.0,80,0.0,No historical polygon,-1
80,12.8532052,80.28805530000001,0.0,0.0,80,0.0,No historical polygon,-1
81,12.8532052,80.2980553,0.0,0.0,80,0.0,No historical polygon,-1
82,12.8532052,80.3080553,0.0,0.0,80,0.0,No historical polygon,-1
83,12.8532052,80.3180553,0.0,0.0,80,0.0,No historical polygon,-1
84,12.8532052,80.3280553,0.0,0.0,80,0.0,No historical polygon,-1
85,12.8632052,80.1280553,27.578615188598633,1.5880770982274037,10,16.458333333333332,No historical polygon,-1
86,12.8632052,80.1380553,18.685253143310547,0.6465689377082522,40,22.23611111111111,No historical polygon,-1
87,12.8632052,80.14805530000001,20.798254013061523,1.088103097695861,50,32.6875,No historical polygon,-1
88,12.8632052,80.1580553,12.664728164672852,0.805734412945121,40,7.798611111111112,No historical polygon,-1
89,12.8632052,80.1680553,9.489616394042969,0.15522778086388667,40,12.777777777777777,No historical polygon,-1
90,12.8632052,80.17805530000001,7.235771656036377,3.017788144179191,30,10.520833333333334,No historical polygon,-1
91,12.8632052,80.1880553,6.866796016693115,0.23625212894989658,40,13.430555555555557,No historical polygon,-1
92,12.8632052,80.19805530000001,4.138628005981445,0.2663682851355862,40,13.680555555555557,No historical polygon,-1
93,12.8632052,80.2080553,3.6738624572753906,1.0230840310118443,30,18.52777777777778,No historical polygon,-1
94,12.8632052,80.2180553,3.3705923557281494,0.18291701760875623,40,19.25,Very High,4
95,12.8632052,80.22805530000001,7.5374579429626465,2.7572862961496525,50,34.03472222222222,Very High,4
96,12.8632052,80.2380553,1.740659475326538,0.5474416689955406,30,15.368055555555554,High,3
97,12.8632052,80.2480553,3.6838741302490234,0.3198430412457673,50,33.65972222222222,No historical polygon,-1
98,12.8632052,80.25805530000001,0.0,0.0,80,0.0,No historical polygon,-1
99,12.8632052,80.2680553,0.0,0.0,80,0.0,No historical polygon,-1
100,12.8632052,80.2780553,0.0,0.0,80,0.0,No historical polygon,-1
101,12.8632052,80.28805530000001,0.0,0.0,80,0.0,No historical polygon,-1
102,12.8632052,80.2980553,0.0,0.0,80,0.0,No historical polygon,-1
103,12.8632052,80.3080553,0.0,0.0,80,0.0,No historical polygon,-1
104,12.8632052,80.3180553,0.0,0.0,80,0.0,No historical polygon,-1
105,12.8632052,80.3280553,0.0,0.0,80,0.0,No historical polygon,-1
106,12.8732052,80.1280553,19.440732955932617,0.605429510863206,40,13.708333333333334,Very Low,0
107,12.8732052,80.1380553,17.368770599365234,0.3191972121326149,40,13.79861111111111,No historical polygon,-1
108,12.8732052,80.14805530000001,19.60748863220215,4.330228156551445,40,8.583333333333334,No historical polygon,-1
109,12.8732052,80.1580553,10.425168991088867,0.3830617121097893,40,1.4097222222222223,Very Low,0
110,12.8732052,80.1680553,9.46114444732666,1.8023415655800048,10,7.145833333333333,No historical polygon,-1
111,12.8732052,80.17805530000001,17.005033493041992,3.0653546144565182,10,0.22916666666666666,No historical polygon,-1
112,12.8732052,80.1880553,5.140722274780273,0.3187504970420671,40,8.340277777777779,No historical polygon,-1
113,12.8732052,80.19805530000001,3.810749053955078,0.4818249114470465,40,11.965277777777777,No historical polygon,-1
114,12.8732052,80.2080553,2.767998218536377,0.6289916615688499,50,39.875,No historical polygon,-1
115,12.8732052,80.2180553,4.758565902709961,2.213534454528321,50,48.24305555555555,Very High,4
116,12.8732052,80.22805530000001,9.922575950622559,4.60373710524018,50,40.88888888888889,Very High,4
117,12.8732052,80.2380553,1.2809858322143555,1.3721093410121663,30,15.57638888888889,Moderate,2
118,12.8732052,80.2480553,9.221195220947266,3.475077565319507,50,49.56944444444444,No historical polygon,-1
119,12.8732052,80.25805530000001,0.0,0.0,80,0.0,No historical polygon,-1
120,12.8732052,80.2680553,0.0,0.0,80,0.0,No historical polygon,-1
121,12.8732052,80.2780553,0.0,0.0,80,0.0,No historical polygon,-1
122,12.8732052,80.28805530000001,0.0,0.0,80,0.0,No historical polygon,-1
123,12.8732052,80.2980553,0.0,0.0,80,0.0,No historical polygon,-1
124,12.8732052,80.3080553,0.0,0.0,80,0.0,No historical polygon,-1
125,12.8732052,80.3180553,0.0,0.0,80,0.0,No historical polygon,-1
126,12.8732052,80.3280553,0.0,0.0,80,0.0,No historical polygon,-1
127,12.8832052,80.1280553,20.941606521606445,3.8964617782658375,30,7.659722222222222,No historical polygon,-1
128,12.8832052,80.1380553,15.630044937133789,0.3740250059957135,40,36.99305555555556,No historical polygon,-1
129,12.8832052,80.14805530000001,18.19095802307129,2.588129188159504,40,28.256944444444443,No historical polygon,-1
130,12.8832052,80.1580553,13.097792625427246,0.3199361555422415,40,22.006944444444446,No historical polygon,-1
131,12.8832052,80.1680553,13.210179328918457,4.687553670911713,40,18.930555555555557,Very Low,0
132,12.8832052,80.17805530000001,7.322124004364014,0.08951724754314469,10,3.729166666666667,Very Low,0
133,12.8832052,80.1880553,9.434646606445312,1.997605323500533,50,53.79166666666667,No historical polygon,-1
134,12.8832052,80.19805530000001,10.628910064697266,0.9844437305046284,10,31.34722222222222,No historical polygon,-1
135,12.8832052,80.2080553,2.5849361419677734,1.194080814972032,50,47.083333333333336,No historical polygon,-1
136,12.8832052,80.2180553,2.1741533279418945,0.7654190569337305,30,8.784722222222221,Very High,4
137,12.8832052,80.22805530000001,9.661457061767578,1.399491267986485,50,56.84027777777778,Low,1
138,12.8832052,80.2380553,3.077338695526123,0.4502895699167774,30,15.444444444444445,Moderate,2
139,12.8832052,80.2480553,6.130579948425293,4.082729386281033,50,59.75,Low,1
140,12.8832052,80.25805530000001,0.0,0.0,80,0.0,No historical polygon,-1
141,12.8832052,80.2680553,0.0,0.0,80,0.0,No historical polygon,-1
142,12.8832052,80.2780553,0.0,0.0,80,0.0,No historical polygon,-1
143,12.8832052,80.28805530000001,0.0,0.0,80,0.0,No historical polygon,-1
144,12.8832052,80.2980553,0.0,0.0,80,0.0,No historical polygon,-1
145,12.8832052,80.3080553,0.0,0.0,80,0.0,No historical polygon,-1
146,12.8832052,80.3180553,0.0,0.0,80,0.0,No historical polygon,-1
147,12.8832052,80.3280553,0.0,0.0,80,0.0,No historical polygon,-1
148,12.8932052,80.1280553,20.65669059753418,0.27546978219698404,10,14.63888888888889,No historical polygon,-1
149,12.8932052,80.1380553,23.195627212524414,5.1198867399748105,50,58.58333333333333,No historical polygon,-1
150,12.8932052,80.14805530000001,14.114521980285645,1.083748891340994,90,21.041666666666668,No historical polygon,-1
151,12.8932052,80.1580553,12.649292945861816,0.5014139004154065,40,8.79861111111111,No historical polygon,-1
152,12.8932052,80.1680553,11.304553985595703,0.7218280159026461,40,26.28472222222222,Very Low,0
153,12.8932052,80.17805530000001,14.89234733581543,3.5138214605985123,50,51.590277777777786,No historical polygon,-1
154,12.8932052,80.1880553,7.125299453735352,1.18674043859502,50,47.04861111111111,No historical polygon,-1
155,12.8932052,80.19805530000001,3.8327016830444336,1.2145707941160109,50,32.59722222222222,No historical polygon,-1
156,12.8932052,80.2080553,2.3136143684387207,0.31469555416699385,30,19.819444444444446,Very High,4
157,12.8932052,80.2180553,4.422934532165527,0.5659561557201639,30,23.3125,Very High,4
158,12.8932052,80.22805530000001,12.016263008117676,3.6402056188678165,50,58.166666666666664,Low,1
159,12.8932052,80.2380553,3.053508758544922,0.6384538958772114,30,18.194444444444443,No historical polygon,-1
160,12.8932052,80.2480553,9.993993759155273,2.175115881395522,50,53.5,No historical polygon,-1
161,12.8932052,80.25805530000001,0.0,0.0,80,2.013888888888889,No historical polygon,-1
162,12.8932052,80.2680553,0.0,0.0,80,0.0,No historical polygon,-1
163,12.8932052,80.2780553,0.0,0.0,80,0.0,No historical polygon,-1
164,12.8932052,80.28805530000001,0.0,0.0,80,0.0,No historical polygon,-1
165,12.8932052,80.2980553,0.0,0.0,80,0.0,No historical polygon,-1
166,12.8932052,80.3080553,0.0,0.0,80,0.0,No historical polygon,-1
167,12.8932052,80.3180553,0.0,0.0,80,0.0,No historical polygon,-1
168,12.8932052,80.3280553,0.0,0.0,80,0.0,No historical polygon,-1
169,12.9032052,80.1280553,26.05867576599121,0.8453563815249517,10,29.270833333333336,No historical polygon,-1
170,12.9032052,80.1380553,19.157995223999023,0.9333934989231206,10,24.118055555555557,No historical polygon,-1
171,12.9032052,80.14805530000001,22.01093101501465,2.143965223255548,50,75.4375,No historical polygon,-1
172,12.9032052,80.1580553,21.07245635986328,2.8572976660908815,50,70.81944444444444,No historical polygon,-1
173,12.9032052,80.1680553,16.7932071685791,1.6624732776815758,50,48.38194444444445,Very Low,0
174,12.9032052,80.17805530000001,8.464759826660156,0.1556023572603269,40,24.645833333333332,Low,1
175,12.9032052,80.1880553,7.9820332527160645,0.4670298807059413,50,43.90972222222223,Low,1
176,12.9032052,80.19805530000001,4.7938923835754395,4.0678500894464475,50,68.375,Very High,4
177,12.9032052,80.2080553,2.044621706008911,0.6732024734532551,30,29.020833333333336,High,3
178,12.9032052,80.2180553,6.152681350708008,1.2659595467183964,50,37.111111111111114,Very High,4
179,12.9032052,80.22805530000001,5.7073283195495605,0.5965888616859341,50,75.08333333333333,Low,1
180,12.9032052,80.2380553,1.6491562128067017,1.4323992121083955,50,33.88194444444444,Very High,4
181,12.9032052,80.2480553,6.564042091369629,1.5963468592843353,10,34.55555555555556,Very High,4
182,12.9032052,80.25805530000001,0.0,0.0,80,5.201388888888888,High,3
183,12.9032052,80.2680553,0.0,0.0,80,0.0,No historical polygon,-1
184,12.9032052,80.2780553,0.0,0.0,80,0.0,No historical polygon,-1
185,12.9032052,80.28805530000001,0.0,0.0,80,0.0,No historical polygon,-1
186,12.9032052,80.2980553,0.0,0.0,80,0.0,No historical polygon,-1
187,12.9032052,80.3080553,0.0,0.0,80,0.0,No historical polygon,-1
188,12.9032052,80.3180553,0.0,0.0,80,0.0,No historical polygon,-1
189,12.9032052,80.3280553,0.0,0.0,80,0.0,No historical polygon,-1
190,12.9132052,80.1280553,29.827688217163086,0.09101943981203771,10,33.19444444444444,No historical polygon,-1
191,12.9132052,80.1380553,22.22391700744629,0.582415465751917,50,47.66666666666667,No historical polygon,-1
192,12.9132052,80.14805530000001,29.33917999267578,0.7229467919799818,50,67.00694444444444,No historical polygon,-1
193,12.9132052,80.1580553,22.08060646057129,2.2878693211216725,50,79.20138888888889,No historical polygon,-1
194,12.9132052,80.1680553,14.169594764709473,0.8667035208362645,50,29.506944444444443,Very Low,0
195,12.9132052,80.17805530000001,16.284692764282227,3.0592737690059395,50,67.15972222222221,Very Low,0
196,12.9132052,80.1880553,15.834906578063965,2.840764511653158,50,72.70833333333333,Very High,4
197,12.9132052,80.19805530000001,11.587725639343262,2.2559025422684162,50,75.55555555555556,High,3
198,12.9132052,80.2080553,2.9654486179351807,0.540742990899954,30,10.125,Low,1
199,12.9132052,80.2180553,1.3061124086380005,0.8376480560822828,30,20.27777777777778,High,3
200,12.9132052,80.22805530000001,1.5045890808105469,1.2238106801160273,50,65.09027777777779,High,3
201,12.9132052,80.2380553,1.349591612815857,0.469769120783432,30,23.104166666666668,Very High,4
202,12.9132052,80.2480553,4.797048091888428,2.193348178527023,50,34.90277777777778,Very High,4
203,12.9132052,80.25805530000001,0.0,0.0,80,14.277777777777779,No historical polygon,-1
204,12.9132052,80.2680553,0.0,0.0,80,0.0,No historical polygon,-1
205,12.9132052,80.2780553,0.0,0.0,80,0.0,No historical polygon,-1
206,12.9132052,80.28805530000001,0.0,0.0,80,0.0,No historical polygon,-1
207,12.9132052,80.2980553,0.0,0.0,80,0.0,No historical polygon,-1
208,12.9132052,80.3080553,0.0,0.0,80,0.0,No historical polygon,-1
209,12.9132052,80.3180553,0.0,0.0,80,0.0,No historical polygon,-1
210,12.9132052,80.3280553,0.0,0.0,80,0.0,No historical polygon,-1
211,12.9232052,80.1280553,34.30613708496094,0.7166645639624436,50,62.326388888888886,No historical polygon,-1
212,12.9232052,80.1380553,29.023479461669922,5.572875353684198,50,85.4375,No historical polygon,-1
213,12.9232052,80.14805530000001,23.057735443115234,3.698523987751418,50,85.61805555555554,No historical polygon,-1
214,12.9232052,80.1580553,22.794429779052734,3.9755615431426867,50,86.52777777777779,No historical polygon,-1
215,12.9232052,80.1680553,20.81866455078125,4.525493528900714,10,32.27777777777778,No historical polygon,-1
216,12.9232052,80.17805530000001,18.69690704345703,0.371862856361074,10,9.270833333333334,Very Low,0
217,12.9232052,80.1880553,19.065288543701172,2.9466902098890815,50,75.32638888888889,High,3
218,12.9232052,80.19805530000001,17.77668571472168,0.9338523287521354,50,80.52083333333333,No historical polygon,-1
219,12.9232052,80.2080553,4.740968704223633,0.7859445476108096,50,67.82638888888889,Very Low,0
220,12.9232052,80.2180553,0.8565258979797363,0.45212284454609275,40,5.25,High,3
221,12.9232052,80.22805530000001,6.615337371826172,0.2396442981128177,50,38.30555555555556,Very High,4
222,12.9232052,80.2380553,2.526089906692505,4.672877330646946,50,44.36805555555556,Very High,4
223,12.9232052,80.2480553,5.58011531829834,2.9675176981183764,50,69.00694444444444,Very High,4
224,12.9232052,80.25805530000001,0.0,0.0,80,17.881944444444446,Very Low,0
225,12.9232052,80.2680553,0.0,0.0,80,0.0,No historical polygon,-1
226,12.9232052,80.2780553,0.0,0.0,80,0.0,No historical polygon,-1
227,12.9232052,80.28805530000001,0.0,0.0,80,0.0,No historical polygon,-1
228,12.9232052,80.2980553,0.0,0.0,80,0.0,No historical polygon,-1
229,12.9232052,80.3080553,0.0,0.0,80,0.0,No historical polygon,-1
230,12.9232052,80.3180553,0.0,0.0,80,0.0,No historical polygon,-1
231,12.9232052,80.3280553,0.0,0.0,80,0.0,No historical polygon,-1
232,12.9332052,80.1280553,29.993867874145508,0.28588987320249065,50,73.30555555555556,No historical polygon,-1
233,12.9332052,80.1380553,24.500797271728516,2.38542409443023,50,74.48611111111111,No historical polygon,-1
234,12.9332052,80.14805530000001,22.005800247192383,0.953517101367144,50,83.25694444444444,No historical polygon,-1
235,12.9332052,80.1580553,14.451107025146484,2.559349564673739,50,62.56944444444444,No historical polygon,-1
236,12.9332052,80.1680553,17.62150001525879,0.380031009992323,10,17.98611111111111,No historical polygon,-1
237,12.9332052,80.17805530000001,15.857575416564941,1.0293374399861215,50,67.06944444444444,No historical polygon,-1
238,12.9332052,80.1880553,12.908185005187988,3.366053267010808,50,52.708333333333336,No historical polygon,-1
239,12.9332052,80.19805530000001,6.82593297958374,2.5235650989637355,50,52.40972222222222,High,3
240,12.9332052,80.2080553,11.340928077697754,2.5420987863152877,50,89.23611111111111,Low,1
241,12.9332052,80.2180553,1.7548880577087402,0.904049848475274,50,39.013888888888886,Moderate,2
242,12.9332052,80.22805530000001,1.9120512008666992,0.3716777860456718,50,31.979166666666664,Very High,4
243,12.9332052,80.2380553,4.263672351837158,4.60613565860922,50,89.63888888888889,Very High,4
244,12.9332052,80.2480553,2.7795674800872803,1.7531422885620098,50,67.22222222222223,Very High,4
245,12.9332052,80.25805530000001,9.353238105773926,0.7749392071575424,80,29.868055555555557,Very Low,0
246,12.9332052,80.2680553,0.0,0.0,80,0.0,No historical polygon,-1
247,12.9332052,80.2780553,0.0,0.0,80,0.0,No historical polygon,-1
248,12.9332052,80.28805530000001,0.0,0.0,80,0.0,No historical polygon,-1
249,12.9332052,80.2980553,0.0,0.0,80,0.0,No historical polygon,-1
250,12.9332052,80.3080553,0.0,0.0,80,0.0,No historical polygon,-1
251,12.9332052,80.3180553,0.0,0.0,80,0.0,No historical polygon,-1
252,12.9332052,80.3280553,0.0,0.0,80,0.0,No historical polygon,-1
253,12.9432052,80.1280553,38.544593811035156,3.580747261810049,10,33.86111111111111,No historical polygon,-1
254,12.9432052,80.1380553,28.492584228515625,1.7611191613207884,50,81.54166666666667,No historical polygon,-1
255,12.9432052,80.14805530000001,31.774839401245117,1.9972269221094716,50,88.69444444444444,No historical polygon,-1
256,12.9432052,80.1580553,15.767258644104004,1.5475290862280364,50,74.35416666666667,No historical polygon,-1
257,12.9432052,80.1680553,11.439876556396484,1.8920648275115577,10,18.63888888888889,No historical polygon,-1
258,12.9432052,80.17805530000001,8.571121215820312,0.5374602686617682,50,47.30555555555556,No historical polygon,-1
259,12.9432052,80.1880553,5.0,0.0,50,61.01388888888889,No historical polygon,-1
260,12.9432052,80.19805530000001,8.43668270111084,3.763486527642074,50,67.52777777777777,Very High,4
261,12.9432052,80.2080553,5.341205596923828,2.186773194987282,50,68.53472222222223,Very High,4
262,12.9432052,80.2180553,1.6829745769500732,0.6514529283155072,40,21.34027777777778,Very High,4
263,12.9432052,80.22805530000001,0.5,0.0,40,19.01388888888889,Very High,4
264,12.9432052,80.2380553,4.699863433837891,5.024456440670639,50,87.88194444444444,Very High,4
265,12.9432052,80.2480553,2.554459571838379,1.1933668312525694,50,74.96527777777777,Very High,4
266,12.9432052,80.25805530000001,7.959677696228027,1.1825441874178497,50,56.56944444444445,Moderate,2
267,12.9432052,80.2680553,0.0,0.0,80,0.0,No historical polygon,-1
268,12.9432052,80.2780553,0.0,0.0,80,0.0,No historical polygon,-1
269,12.9432052,80.28805530000001,0.0,0.0,80,0.0,No historical polygon,-1
270,12.9432052,80.2980553,0.0,0.0,80,0.0,No historical polygon,-1
271,12.9432052,80.3080553,0.0,0.0,80,0.0,No historical polygon,-1
272,12.9432052,80.3180553,0.0,0.0,80,0.0,No historical polygon,-1
273,12.9432052,80.3280553,0.0,0.0,80,0.0,No historical polygon,-1
274,12.9532052,80.1280553,21.16196632385254,1.6053413674005512,50,58.44444444444444,No historical polygon,-1
275,12.9532052,80.1380553,31.07744789123535,3.0451262257558285,50,89.86805555555556,No historical polygon,-1
276,12.9532052,80.14805530000001,27.792497634887695,1.9494880788392124,50,86.09027777777779,No historical polygon,-1
277,12.9532052,80.1580553,14.28995132446289,2.256634119442767,50,61.03472222222223,No historical polygon,-1
278,12.9532052,80.1680553,12.264082908630371,0.7325299626046932,50,51.15277777777778,No historical polygon,-1
279,12.9532052,80.17805530000001,9.468263626098633,3.049781782456967,50,63.90277777777777,No historical polygon,-1
280,12.9532052,80.1880553,9.791971206665039,1.2271295241295614,50,86.72916666666667,Low,1
281,12.9532052,80.19805530000001,6.097225666046143,4.721869079764947,50,86.40972222222221,Very High,4
282,12.9532052,80.2080553,2.3554224967956543,0.7663805989142393,50,70.06944444444444,Very High,4
283,12.9532052,80.2180553,2.579650402069092,1.5055338678923778,10,4.291666666666667,Very High,4
284,12.9532052,80.22805530000001,8.686019897460938,1.7030531755030753,30,10.555555555555555,High,3
285,12.9532052,80.2380553,6.353379249572754,2.324639396262832,50,83.40972222222223,Moderate,2
286,12.9532052,80.2480553,4.218383312225342,1.3425404509196304,50,80.8611111111111,Very High,4
287,12.9532052,80.25805530000001,7.538475036621094,1.7904962141036378,50,74.29166666666667,Moderate,2
288,12.9532052,80.2680553,0.0,0.0,80,0.0,No historical polygon,-1
289,12.9532052,80.2780553,0.0,0.0,80,0.0,No historical polygon,-1
290,12.9532052,80.28805530000001,0.0,0.0,80,0.0,No historical polygon,-1
291,12.9532052,80.2980553,0.0,0.0,80,0.0,No historical polygon,-1
292,12.9532052,80.3080553,0.0,0.0,80,0.0,No historical polygon,-1
293,12.9532052,80.3180553,0.0,0.0,80,0.0,No historical polygon,-1
294,12.9532052,80.3280553,0.0,0.0,80,0.0,No historical polygon,-1
295,12.9632052,80.1280553,18.787145614624023,3.7524667270483065,50,72.22916666666667,No historical polygon,-1
296,12.9632052,80.1380553,32.298683166503906,2.8556742385754466,50,93.25,No historical polygon,-1
297,12.9632052,80.14805530000001,24.97209930419922,1.3751564080673258,50,79.5763888888889,No historical polygon,-1
298,12.9632052,80.1580553,31.14875030517578,4.749208819647035,50,56.56944444444445,No historical polygon,-1
299,12.9632052,80.1680553,23.403255462646484,1.6436430557571173,50,72.52777777777779,No historical polygon,-1
300,12.9632052,80.17805530000001,16.18231773376465,2.0510224006981925,50,59.88194444444444,No historical polygon,-1
301,12.9632052,80.1880553,14.182562828063965,1.543825171795545,50,81.54166666666667,Very Low,0
302,12.9632052,80.19805530000001,10.440738677978516,2.805682353089532,50,92.74305555555556,High,3
303,12.9632052,80.2080553,5.547266483306885,1.2909562815520865,50,91.70833333333334,High,3
304,12.9632052,80.2180553,4.438403129577637,1.8834809749162453,50,39.47222222222222,Very High,4
305,12.9632052,80.22805530000001,1.0,0.0,80,15.319444444444445,Very High,4
306,12.9632052,80.2380553,7.547713279724121,1.0677650404811225,50,76.36111111111111,Very High,4
307,12.9632052,80.2480553,5.7425923347473145,2.7428442839560683,50,93.18055555555556,High,3
308,12.9632052,80.25805530000001,11.083722114562988,1.0379808777485833,50,90.74305555555556,Moderate,2
309,12.9632052,80.2680553,0.0,0.0,80,7.062499999999999,No historical polygon,-1
310,12.9632052,80.2780553,0.0,0.0,80,0.0,No historical polygon,-1
311,12.9632052,80.28805530000001,0.0,0.0,80,0.0,No historical polygon,-1
312,12.9632052,80.2980553,0.0,0.0,80,0.0,No historical polygon,-1
313,12.9632052,80.3080553,0.0,0.0,80,0.0,No historical polygon,-1
314,12.9632052,80.3180553,0.0,0.0,80,0.0,No historical polygon,-1
315,12.9632052,80.3280553,0.0,0.0,80,0.0,No historical polygon,-1
316,12.9732052,80.1280553,23.992511749267578,0.751024819834089,50,78.05555555555556,No historical polygon,-1
317,12.9732052,80.1380553,21.491378784179688,5.101081743880805,50,92.9375,No historical polygon,-1
318,12.9732052,80.14805530000001,19.192598342895508,3.9805688206553995,50,72.28472222222221,No historical polygon,-1
319,12.9732052,80.1580553,25.554052352905273,7.261594796648424,10,30.875000000000004,No historical polygon,-1
320,12.9732052,80.1680553,32.68390655517578,15.183944584378214,10,25.472222222222225,No historical polygon,-1
321,12.9732052,80.17805530000001,20.464275360107422,2.375263842856413,50,40.541666666666664,High,3
322,12.9732052,80.1880553,12.896212577819824,2.4935999612431243,50,95.65972222222221,No historical polygon,-1
323,12.9732052,80.19805530000001,12.67002010345459,2.3329991139329787,50,91.05555555555556,High,3
324,12.9732052,80.2080553,2.5713043212890625,3.9827253206759776,50,90.86805555555556,Very High,4
325,12.9732052,80.2180553,7.4562506675720215,0.874377887258993,50,92.52083333333333,Very High,4
326,12.9732052,80.22805530000001,9.019770622253418,2.586120447019792,50,86.8888888888889,Very High,4
327,12.9732052,80.2380553,3.0495495796203613,0.5219292331229778,50,64.68055555555556,High,3
328,12.9732052,80.2480553,8.188432693481445,1.3935441385264415,50,89.11111111111111,Moderate,2
329,12.9732052,80.25805530000001,7.904565811157227,2.1023353032820595,50,90.41666666666667,High,3
330,12.9732052,80.2680553,0.0,0.0,80,25.041666666666668,High,3
331,12.9732052,80.2780553,0.0,0.0,80,0.0,No historical polygon,-1
332,12.9732052,80.28805530000001,0.0,0.0,80,0.0,No historical polygon,-1
333,12.9732052,80.2980553,0.0,0.0,80,0.0,No historical polygon,-1
334,12.9732052,80.3080553,0.0,0.0,80,0.0,No historical polygon,-1
335,12.9732052,80.3180553,0.0,0.0,80,0.0,No historical polygon,-1
336,12.9732052,80.3280553,0.0,0.0,80,0.0,No historical polygon,-1
337,12.9832052,80.1280553,20.764925003051758,3.0096920155575013,50,84.31944444444444,No historical polygon,-1
338,12.9832052,80.1380553,20.907588958740234,2.7370560143810465,50,87.88194444444444,No historical polygon,-1
339,12.9832052,80.14805530000001,12.801496505737305,0.8341323287257362,50,55.375,No historical polygon,-1
340,12.9832052,80.1580553,12.499490737915039,0.419162631442781,50,53.19444444444444,No historical polygon,-1
341,12.9832052,80.1680553,17.295520782470703,3.6146215526835674,50,55.86805555555555,High,3
342,12.9832052,80.17805530000001,14.071256637573242,1.4408311135666265,50,53.5625,Moderate,2
343,12.9832052,80.1880553,16.241880416870117,1.7696175162238128,50,94.78472222222221,Moderate,2
344,12.9832052,80.19805530000001,11.83177375793457,3.567457242000457,50,93.54166666666667,Moderate,2
345,12.9832052,80.2080553,10.20930290222168,2.6218771356701485,50,93.66666666666667,High,3
346,12.9832052,80.2180553,7.716087341308594,1.8916133855511041,50,88.75694444444444,High,3
347,12.9832052,80.22805530000001,11.96295166015625,1.5266361389581957,50,79.2986111111111,Moderate,2
348,12.9832052,80.2380553,9.34310531616211,0.3048596382206755,50,59.076388888888886,High,3
349,12.9832052,80.2480553,5.611738204956055,0.6068776626054914,50,59.24305555555556,Very High,4
350,12.9832052,80.25805530000001,13.252961158752441,2.1120482985569544,50,82.36805555555556,Very High,4
351,12.9832052,80.2680553,6.806270122528076,2.3913672268598862,80,33.15972222222222,Moderate,2
352,12.9832052,80.2780553,0.0,0.0,80,0.0,No historical polygon,-1
353,12.9832052,80.28805530000001,0.0,0.0,80,0.0,No historical polygon,-1
354,12.9832052,80.2980553,0.0,0.0,80,0.0,No historical polygon,-1
355,12.9832052,80.3080553,0.0,0.0,80,0.0,No historical polygon,-1
356,12.9832052,80.3180553,0.0,0.0,80,0.0,No historical polygon,-1
357,12.9832052,80.3280553,0.0,0.0,80,0.0,No historical polygon,-1
358,12.9932052,80.1280553,19.539072036743164,4.878590187847512,10,19.17361111111111,No historical polygon,-1
359,12.9932052,80.1380553,15.525039672851562,2.3776517621419395,50,40.40277777777778,No historical polygon,-1
360,12.9932052,80.14805530000001,13.140580177307129,0.7802883229730583,10,41.47222222222222,No historical polygon,-1
361,12.9932052,80.1580553,12.142062187194824,0.47549187911436913,10,7.381944444444444,Very High,4
362,12.9932052,80.1680553,13.0,0.0,50,66.76388888888889,Very High,4
363,12.9932052,80.17805530000001,13.287721633911133,0.7321001293861229,50,59.70833333333333,Very High,4
364,12.9932052,80.1880553,15.009614944458008,3.6597128290206444,50,65.1875,Low,1
365,12.9932052,80.19805530000001,15.70060920715332,0.2932919274292194,50,86.61805555555556,Low,1
366,12.9932052,80.2080553,12.136878967285156,3.955842058678674,50,89.45833333333333,High,3
367,12.9932052,80.2180553,6.343438148498535,6.9504155369208815,50,52.388888888888886,Very High,4
368,12.9932052,80.22805530000001,16.92104148864746,0.9925353980109861,10,10.340277777777777,No historical polygon,-1
369,12.9932052,80.2380553,15.425922393798828,3.3469385242031717,10,16.01388888888889,Very High,4
370,12.9932052,80.2480553,9.759387969970703,10.051924492077603,50,58.236111111111114,Very High,4
371,12.9932052,80.25805530000001,11.009834289550781,4.476285481328861,50,80.67361111111111,Moderate,2
372,12.9932052,80.2680553,10.602898597717285,2.9662340842873163,50,57.1875,Moderate,2
373,12.9932052,80.2780553,0.0,0.0,80,0.0,No historical polygon,-1
374,12.9932052,80.28805530000001,0.0,0.0,80,0.0,No historical polygon,-1
375,12.9932052,80.2980553,0.0,0.0,80,0.0,No historical polygon,-1
376,12.9932052,80.3080553,0.0,0.0,80,0.0,No historical polygon,-1
377,12.9932052,80.3180553,0.0,0.0,80,0.0,No historical polygon,-1
378,12.9932052,80.3280553,0.0,0.0,80,0.0,No historical polygon,-1
379,13.0032052,80.1280553,15.609759330749512,1.1561234989141014,50,39.923611111111114,No historical polygon,-1
380,13.0032052,80.1380553,13.858455657958984,0.3787834752466479,10,28.875,No historical polygon,-1
381,13.0032052,80.14805530000001,12.571544647216797,2.2748553597977406,10,15.680555555555555,No historical polygon,-1
382,13.0032052,80.1580553,12.432726860046387,0.33833945292794326,10,22.17361111111111,Low,1
383,13.0032052,80.1680553,10.044637680053711,1.7581558626092089,10,23.0,Very High,4
384,13.0032052,80.17805530000001,9.841899871826172,4.503191936760891,10,19.22222222222222,Low,1
385,13.0032052,80.1880553,30.53291130065918,5.120216416400319,10,29.61111111111111,Very Low,0
386,13.0032052,80.19805530000001,18.558631896972656,3.834195727742951,50,56.24305555555556,Low,1
387,13.0032052,80.2080553,13.379386901855469,2.711954989174393,50,88.61111111111111,Low,1
388,13.0032052,80.2180553,12.44784164428711,0.4829953007709681,10,15.145833333333334,Very Low,0
389,13.0032052,80.22805530000001,19.914478302001953,2.664296391021236,10,2.298611111111111,No historical polygon,-1
390,13.0032052,80.2380553,17.76168441772461,2.565491683652614,10,10.319444444444445,No historical polygon,-1
391,13.0032052,80.2480553,3.56416654586792,5.446475796068308,50,58.05555555555556,High,3
392,13.0032052,80.25805530000001,10.798543930053711,2.543148172200949,50,80.28472222222223,Moderate,2
393,13.0032052,80.2680553,10.996196746826172,4.573759744025505,10,34.03472222222222,Moderate,2
394,13.0032052,80.2780553,0.0,0.0,80,2.340277777777778,Low,1
395,13.0032052,80.28805530000001,0.0,0.0,80,0.0,No historical polygon,-1
396,13.0032052,80.2980553,0.0,0.0,80,0.0,No historical polygon,-1
397,13.0032052,80.3080553,0.0,0.0,80,0.0,No historical polygon,-1
398,13.0032052,80.3180553,0.0,0.0,80,0.0,No historical polygon,-1
399,13.0032052,80.3280553,0.0,0.0,80,0.0,No historical polygon,-1
400,13.0132052,80.1280553,21.009933471679688,3.154719687578849,50,42.9375,No historical polygon,-1
401,13.0132052,80.1380553,18.396833419799805,0.8859733112783595,50,69.88194444444444,No historical polygon,-1
402,13.0132052,80.14805530000001,16.75150489807129,3.1133125476464723,50,78.5138888888889,No historical polygon,-1
403,13.0132052,80.1580553,14.284520149230957,1.4900694060871962,50,57.69444444444445,Low,1
404,13.0132052,80.1680553,18.627653121948242,4.530699546819035,50,52.30555555555556,Very High,4
405,13.0132052,80.17805530000001,12.859712600708008,3.27208895237893,10,34.35416666666667,Very High,4
406,13.0132052,80.1880553,10.81204605102539,0.33028748691686033,10,39.90277777777778,Very High,4
407,13.0132052,80.19805530000001,14.439549446105957,1.954677005962872,50,60.99305555555555,Very High,4
408,13.0132052,80.2080553,13.57069206237793,1.0443492733528539,50,67.94444444444444,Very High,4
409,13.0132052,80.2180553,16.43955421447754,4.3443070999080415,50,47.11111111111111,Very High,4
410,13.0132052,80.22805530000001,17.052806854248047,2.5257187128671683,50,49.72222222222222,Very High,4
411,13.0132052,80.2380553,10.693183898925781,5.853500539394953,10,26.569444444444446,Very High,4
412,13.0132052,80.2480553,8.542377471923828,5.908267791520916,50,53.45833333333333,Very High,4
413,13.0132052,80.25805530000001,0.5,0.0,80,26.375,Very High,4
414,13.0132052,80.2680553,0.0,0.0,10,14.694444444444443,Very High,4
415,13.0132052,80.2780553,0.0,0.0,80,4.611111111111111,Very High,4
416,13.0132052,80.28805530000001,0.0,0.0,80,0.0,No historical polygon,-1
417,13.0132052,80.2980553,0.0,0.0,80,0.0,No historical polygon,-1
418,13.0132052,80.3080553,0.0,0.0,80,0.0,No historical polygon,-1
419,13.0132052,80.3180553,0.0,0.0,80,0.0,No historical polygon,-1
420,13.0132052,80.3280553,0.0,0.0,80,0.0,No historical polygon,-1
421,13.0232052,80.1280553,17.67382049560547,0.9061604992021051,50,51.59722222222223,No historical polygon,-1
422,13.0232052,80.1380553,16.28629493713379,0.48876230051813707,50,53.56944444444445,No historical polygon,-1
423,13.0232052,80.14805530000001,16.78177261352539,1.3315350443095726,50,72.17361111111111,Moderate,2
424,13.0232052,80.1580553,16.915996551513672,2.942207355858007,50,83.40277777777779,Low,1
425,13.0232052,80.1680553,16.77701759338379,2.951276384425814,50,75.625,Very High,4
426,13.0232052,80.17805530000001,17.1154727935791,7.501647378205656,50,69.03472222222223,Very High,4
427,13.0232052,80.1880553,11.260865211486816,1.4739191063166128,50,45.72222222222222,Very High,4
428,13.0232052,80.19805530000001,11.87024211883545,2.139842772909292,10,39.979166666666664,Very High,4
429,13.0232052,80.2080553,18.11650848388672,0.8541350565825983,50,75.21527777777777,Very High,4
430,13.0232052,80.2180553,15.653087615966797,0.5003480188518051,50,93.26388888888889,Very High,4
431,13.0232052,80.22805530000001,8.531289100646973,3.4873262379255623,50,72.9375,High,3
432,13.0232052,80.2380553,1.0,4.190674167175446,10,33.83333333333333,Very High,4
433,13.0232052,80.2480553,12.92741584777832,5.757031578134985,50,45.958333333333336,Very High,4
434,13.0232052,80.25805530000001,12.229093551635742,3.171670056447031,50,72.76388888888889,Moderate,2
435,13.0232052,80.2680553,8.820184707641602,3.972531753772292,50,57.638888888888886,Very High,4
436,13.0232052,80.2780553,5.536034107208252,1.5781099474842841,80,34.84722222222222,Very High,4
437,13.0232052,80.28805530000001,0.0,0.0,80,0.0,No historical polygon,-1
438,13.0232052,80.2980553,0.0,0.0,80,0.0,No historical polygon,-1
439,13.0232052,80.3080553,0.0,0.0,80,0.0,No historical polygon,-1
440,13.0232052,80.3180553,0.0,0.0,80,0.0,No historical polygon,-1
441,13.0232052,80.3280553,0.0,0.0,80,0.0,No historical polygon,-1
442,13.0332052,80.1280553,18.911272048950195,1.2129042917645543,50,67.88194444444444,No historical polygon,-1
443,13.0332052,80.1380553,20.116838455200195,1.8429920955348609,50,60.99305555555555,No historical polygon,-1
444,13.0332052,80.14805530000001,14.5,0.0,50,27.569444444444446,Low,1
445,13.0332052,80.1580553,20.310483932495117,0.836966415998965,50,89.13888888888889,Very Low,0
446,13.0332052,80.1680553,14.744094848632812,1.205599672775338,50,83.89583333333334,Very High,4
447,13.0332052,80.17805530000001,26.105093002319336,4.280830272662475,50,88.14583333333333,High,3
448,13.0332052,80.1880553,14.572980880737305,1.4444706842131034,50,91.86805555555554,Very High,4
449,13.0332052,80.19805530000001,15.706781387329102,0.8619190319230912,50,82.35416666666666,Very High,4
450,13.0332052,80.2080553,10.318713188171387,0.9551438058176128,50,73.42361111111111,Very High,4
451,13.0332052,80.2180553,14.39749526977539,5.17333818765899,50,88.13194444444444,Very High,4
452,13.0332052,80.22805530000001,11.19601058959961,2.313584918058768,50,92.39583333333333,High,3
453,13.0332052,80.2380553,10.179630279541016,1.489717705076095,50,79.70833333333334,Very High,4
454,13.0332052,80.2480553,10.618868827819824,2.5815463234591185,50,79.32638888888889,Moderate,2
455,13.0332052,80.25805530000001,13.335428237915039,3.0024164684468464,50,78.45138888888889,High,3
456,13.0332052,80.2680553,6.5,9.185009897160445,50,81.53472222222223,Very High,4
457,13.0332052,80.2780553,12.539393424987793,1.0767210660912387,50,62.923611111111114,Low,1
458,13.0332052,80.28805530000001,0.0,0.0,80,0.0,No historical polygon,-1
459,13.0332052,80.2980553,0.0,0.0,80,0.0,No historical polygon,-1
460,13.0332052,80.3080553,0.0,0.0,80,0.0,No historical polygon,-1
461,13.0332052,80.3180553,0.0,0.0,80,0.0,No historical polygon,-1
462,13.0332052,80.3280553,0.0,0.0,80,0.0,No historical polygon,-1
463,13.0432052,80.1280553,19.411056518554688,0.7353755042950993,50,80.34027777777779,No historical polygon,-1
464,13.0432052,80.1380553,16.85402488708496,4.676687310624428,50,67.81944444444444,Very Low,0
465,13.0432052,80.14805530000001,17.77345848083496,3.6154152837711733,50,61.173611111111114,Very Low,0
466,13.0432052,80.1580553,17.794832229614258,1.2997501484797533,50,79.96527777777777,Low,1
467,13.0432052,80.1680553,17.94867515563965,1.7466239990471242,50,88.39583333333333,Very High,4
468,13.0432052,80.17805530000001,16.43461799621582,1.5334350999310566,50,77.95833333333333,Very High,4
469,13.0432052,80.1880553,9.695112228393555,7.5511991622694445,50,87.625,Very High,4
470,13.0432052,80.19805530000001,17.844575881958008,1.771414076540066,50,84.05555555555554,Very High,4
471,13.0432052,80.2080553,15.003310203552246,2.6528869530355164,50,81.40972222222223,Very High,4
472,13.0432052,80.2180553,13.483320236206055,2.9970550935193816,50,92.03472222222221,Very High,4
473,13.0432052,80.22805530000001,14.782025337219238,3.340123305653413,50,93.55555555555556,Moderate,2
474,13.0432052,80.2380553,8.107331275939941,4.127646054323581,50,79.77083333333333,Moderate,2
475,13.0432052,80.2480553,9.994341850280762,7.532006270301337,50,76.89583333333333,High,3
476,13.0432052,80.25805530000001,12.575697898864746,1.4051481313403917,50,80.21527777777779,Moderate,2
477,13.0432052,80.2680553,11.990764617919922,4.636439306377974,50,88.09027777777779,Very High,4
478,13.0432052,80.2780553,8.100056648254395,1.6830267544089779,50,50.74305555555556,Very High,4
479,13.0432052,80.28805530000001,0.0,0.0,80,0.0,No historical polygon,-1
480,13.0432052,80.2980553,0.0,0.0,80,0.0,No historical polygon,-1
481,13.0432052,80.3080553,0.0,0.0,80,0.0,No historical polygon,-1
482,13.0432052,80.3180553,0.0,0.0,80,0.0,No historical polygon,-1
483,13.0432052,80.3280553,0.0,0.0,80,0.0,No historical polygon,-1
484,13.0532052,80.1280553,26.02518653869629,4.188144188947228,50,63.125,No historical polygon,-1
485,13.0532052,80.1380553,22.067441940307617,6.5209024404387845,50,70.75,Very Low,0
486,13.0532052,80.14805530000001,23.268407821655273,1.6003912461449665,50,51.44444444444445,Very Low,0
487,13.0532052,80.1580553,17.13580322265625,4.7052989609631855,50,75.81944444444444,Moderate,2
488,13.0532052,80.1680553,12.923921585083008,0.32144085316834614,50,82.08333333333333,Moderate,2
489,13.0532052,80.17805530000001,15.796443939208984,1.9554906663233145,50,88.43055555555556,Very High,4
490,13.0532052,80.1880553,15.363348960876465,2.1283840091046153,50,93.0,Very High,4
491,13.0532052,80.19805530000001,14.921049118041992,2.359631565023129,50,90.08333333333334,Very High,4
492,13.0532052,80.2080553,15.571927070617676,2.1225001040465044,50,91.34027777777777,Very High,4
493,13.0532052,80.2180553,15.281890869140625,0.21398411219927455,50,94.67361111111111,Low,1
494,13.0532052,80.22805530000001,16.291688919067383,6.314299899421031,50,85.95833333333334,Moderate,2
495,13.0532052,80.2380553,15.774393081665039,1.7750286468128245,50,80.81944444444444,Moderate,2
496,13.0532052,80.2480553,17.984811782836914,7.130006591908909,50,78.79861111111111,Moderate,2
497,13.0532052,80.25805530000001,15.622734069824219,2.8835740334324873,50,79.00694444444444,High,3
498,13.0532052,80.2680553,12.63896656036377,5.752992234935008,50,81.56944444444446,Very High,4
499,13.0532052,80.2780553,9.125741958618164,10.268096245929028,50,75.68055555555556,Very High,4
500,13.0532052,80.28805530000001,0.0,0.0,80,0.0,No historical polygon,-1
501,13.0532052,80.2980553,0.0,0.0,80,0.0,No historical polygon,-1
502,13.0532052,80.3080553,0.0,0.0,80,0.0,No historical polygon,-1
503,13.0532052,80.3180553,0.0,0.0,80,0.0,No historical polygon,-1
504,13.0532052,80.3280553,0.0,0.0,80,0.0,No historical polygon,-1
505,13.0632052,80.1280553,21.60194969177246,3.333027467097288,50,55.229166666666664,Very Low,0
506,13.0632052,80.1380553,18.002405166625977,1.7821854879941574,50,56.02777777777778,Very Low,0
507,13.0632052,80.14805530000001,10.836455345153809,0.3671517285705654,50,57.08333333333333,Very Low,0
508,13.0632052,80.1580553,12.170814514160156,5.317052840575318,50,59.75694444444445,Very High,4
509,13.0632052,80.1680553,16.140422821044922,3.1309060722654065,50,71.18055555555556,Very High,4
510,13.0632052,80.17805530000001,12.08938980102539,0.78231782599461,50,88.1875,Low,1
511,13.0632052,80.1880553,13.599178314208984,3.3533124293733345,50,85.11111111111111,Very High,4
512,13.0632052,80.19805530000001,9.740060806274414,6.478591200186181,50,78.5138888888889,Very High,4
513,13.0632052,80.2080553,16.953285217285156,2.221520260213155,50,75.42361111111111,Very High,4
514,13.0632052,80.2180553,12.587494850158691,0.7814777664295902,50,97.28472222222221,High,3
515,13.0632052,80.22805530000001,14.047176361083984,3.237626297464377,50,90.84027777777777,Very High,4
516,13.0632052,80.2380553,14.212165832519531,3.37148286110204,50,55.00000000000001,Very High,4
517,13.0632052,80.2480553,11.087611198425293,5.562779801430975,50,69.72916666666666,Very High,4
518,13.0632052,80.25805530000001,15.255736351013184,2.8775680545937554,50,68.72916666666666,Very High,4
519,13.0632052,80.2680553,13.55204963684082,2.052875634643471,50,86.23611111111111,Very High,4
520,13.0632052,80.2780553,8.955572128295898,8.07384507639671,50,77.70138888888889,Very High,4
521,13.0632052,80.28805530000001,0.48393192887306213,1.0328360099383387,80,11.979166666666668,Low,1
522,13.0632052,80.2980553,0.0,0.0,80,0.0,No historical polygon,-1
523,13.0632052,80.3080553,0.0,0.0,80,0.0,No historical polygon,-1
524,13.0632052,80.3180553,0.0,0.0,80,0.0,No historical polygon,-1
525,13.0632052,80.3280553,0.0,0.0,80,0.0,No historical polygon,-1
526,13.0732052,80.1280553,18.693225860595703,0.7700648560440206,50,56.40277777777778,Very Low,0
527,13.0732052,80.1380553,15.753725051879883,1.4979050619008927,10,12.63888888888889,Very Low,0
528,13.0732052,80.14805530000001,15.729034423828125,2.778304479126363,50,37.98611111111111,Very Low,0
529,13.0732052,80.1580553,15.213045120239258,2.6232922852811646,50,55.895833333333336,High,3
530,13.0732052,80.1680553,14.834425926208496,6.708881700082941,50,64.59027777777779,Very High,4
531,13.0732052,80.17805530000001,12.701897621154785,5.150277286854047,50,68.1388888888889,Very High,4
532,13.0732052,80.1880553,7.154714584350586,2.3361930798432295,50,72.90972222222221,Very High,4
533,13.0732052,80.19805530000001,17.33424949645996,4.181879535633703,50,77.56944444444444,Very High,4
534,13.0732052,80.2080553,16.919998168945312,1.7901952780706227,50,86.42361111111111,Very High,4
535,13.0732052,80.2180553,17.0938663482666,0.7334870596532945,50,89.34722222222223,Very High,4
536,13.0732052,80.22805530000001,17.75907325744629,1.7956863870308137,50,79.89583333333333,Very High,4
537,13.0732052,80.2380553,13.547945976257324,1.1377189103093992,50,65.90972222222223,Very High,4
538,13.0732052,80.2480553,12.231047630310059,3.0979741556026084,50,68.47222222222223,Very High,4
539,13.0732052,80.25805530000001,11.597423553466797,3.1522842117170544,50,74.02083333333334,Very High,4
540,13.0732052,80.2680553,11.766081809997559,3.003262198991825,50,83.75694444444444,Very High,4
541,13.0732052,80.2780553,3.2368853092193604,0.9733319279588041,50,30.694444444444446,Very High,4
542,13.0732052,80.28805530000001,8.127077102661133,3.630781252482709,50,41.5625,Very High,4
543,13.0732052,80.2980553,0.0,0.0,80,0.8680555555555556,No historical polygon,-1
544,13.0732052,80.3080553,0.0,0.0,80,0.0,No historical polygon,-1
545,13.0732052,80.3180553,0.0,0.0,80,0.0,No historical polygon,-1
546,13.0732052,80.3280553,0.0,0.0,80,0.0,No historical polygon,-1
547,13.0832052,80.1280553,19.99647331237793,3.097239187397341,10,26.270833333333332,No historical polygon,-1
548,13.0832052,80.1380553,16.407493591308594,0.9067144448389137,10,20.07638888888889,Very Low,0
549,13.0832052,80.14805530000001,18.163320541381836,3.5726342863553056,10,40.326388888888886,Low,1
550,13.0832052,80.1580553,16.643579483032227,1.967441445591127,50,71.42361111111111,Very High,4
551,13.0832052,80.1680553,18.83350944519043,0.15439462590450087,50,75.02083333333334,Very High,4
552,13.0832052,80.17805530000001,16.92527961730957,1.1023800382830593,50,88.03472222222221,Very High,4
553,13.0832052,80.1880553,15.875152587890625,1.5218980739364625,50,85.70833333333333,Very High,4
554,13.0832052,80.19805530000001,14.81882381439209,0.9866484110085666,50,80.01388888888889,Very High,4
555,13.0832052,80.2080553,14.92875862121582,0.1816093112087181,50,80.52083333333333,Very High,4
556,13.0832052,80.2180553,12.786269187927246,2.008108611698379,50,75.875,Very High,4
557,13.0832052,80.22805530000001,15.534531593322754,2.799143177600526,50,77.04166666666666,Very High,4
558,13.0832052,80.2380553,14.974444389343262,0.6411481538541844,50,71.04861111111111,Very High,4
559,13.0832052,80.2480553,13.343024253845215,3.469615911770574,50,86.47222222222221,Very High,4
560,13.0832052,80.25805530000001,8.426565170288086,1.16925203003587,50,78.72916666666666,Very High,4
561,13.0832052,80.2680553,12.660036087036133,5.644551731093103,50,68.20138888888889,Very High,4
562,13.0832052,80.2780553,8.850675582885742,4.979393320781031,50,76.09027777777779,Low,1
563,13.0832052,80.28805530000001,9.51131534576416,4.454392749736693,50,59.736111111111114,High,3
564,13.0832052,80.2980553,0.0,0.0,80,31.42361111111111,Low,1
565,13.0832052,80.3080553,0.0,0.0,80,0.0,No historical polygon,-1
566,13.0832052,80.3180553,0.0,0.0,80,0.0,No historical polygon,-1
567,13.0832052,80.3280553,0.0,0.0,80,0.0,No historical polygon,-1
568,13.0932052,80.1280553,15.50162410736084,2.474676555493968,10,30.680555555555557,No historical polygon,-1
569,13.0932052,80.1380553,18.42173957824707,1.5511242214750574,50,53.979166666666664,Very Low,0
570,13.0932052,80.14805530000001,17.102664947509766,2.641020742260686,50,61.65277777777778,Low,1
571,13.0932052,80.1580553,15.647557258605957,2.0997905135019903,50,64.125,Very High,4
572,13.0932052,80.1680553,21.455718994140625,4.689629338755603,50,67.09027777777777,High,3
573,13.0932052,80.17805530000001,19.825641632080078,0.8044560241497611,50,87.1875,High,3
574,13.0932052,80.1880553,17.591474533081055,1.2022365803401145,50,85.97222222222223,Very High,4
575,13.0932052,80.19805530000001,17.973072052001953,7.456242529450023,50,77.53472222222221,Very High,4
576,13.0932052,80.2080553,9.195686340332031,1.1733585891085871,50,74.94444444444444,Very High,4
577,13.0932052,80.2180553,16.82888412475586,3.9029722487939473,50,64.18055555555556,Very High,4
578,13.0932052,80.22805530000001,15.884650230407715,2.0872924059294045,50,82.25694444444444,Very High,4
579,13.0932052,80.2380553,12.854302406311035,1.0989315375528532,50,63.81250000000001,Very High,4
580,13.0932052,80.2480553,12.589550971984863,2.5475153057112596,50,77.01388888888889,Very High,4
581,13.0932052,80.25805530000001,8.80128002166748,0.8979263323649631,50,93.59722222222221,High,3
582,13.0932052,80.2680553,8.329595565795898,1.5550348683729853,50,77.54166666666666,Very High,4
583,13.0932052,80.2780553,14.780004501342773,2.0653450646534974,50,91.11805555555556,High,3
584,13.0932052,80.28805530000001,9.2400484085083,2.9767388948107802,50,96.63888888888889,High,3
585,13.0932052,80.2980553,0.0,0.0,80,36.80555555555556,Very Low,0
586,13.0932052,80.3080553,0.0,0.0,80,5.722222222222222,Very Low,0
587,13.0932052,80.3180553,0.0,0.0,80,0.0,No historical polygon,-1
588,13.0932052,80.3280553,0.0,0.0,80,0.0,No historical polygon,-1
589,13.1032052,80.1280553,16.65550422668457,0.3994391650210803,50,45.79861111111111,Very Low,0
590,13.1032052,80.1380553,21.071788787841797,0.9626899768718595,50,59.18055555555556,Low,1
591,13.1032052,80.14805530000001,15.0,0.4527756538106082,50,30.71527777777778,Low,1
592,13.1032052,80.1580553,17.866867065429688,1.283431049088784,50,69.47916666666667,Very High,4
593,13.1032052,80.1680553,16.813663482666016,1.2968620067559093,50,66.59722222222221,Low,1
594,13.1032052,80.17805530000001,17.065933227539062,1.1337330298146133,50,79.75694444444444,Low,1
595,13.1032052,80.1880553,19.509008407592773,1.2908826671548612,50,73.5486111111111,Low,1
596,13.1032052,80.19805530000001,14.930747985839844,3.5053578274172454,50,74.17361111111111,High,3
597,13.1032052,80.2080553,15.509828567504883,2.8352301095894403,50,79.88194444444444,Very High,4
598,13.1032052,80.2180553,6.5,0.0,50,50.11111111111111,Low,1
599,13.1032052,80.22805530000001,17.500852584838867,3.73154689218656,10,40.36805555555556,Moderate,2
600,13.1032052,80.2380553,13.842733383178711,14.082244089302945,50,55.06944444444445,High,3
601,13.1032052,80.2480553,9.448288917541504,0.9098709797386014,50,75.40972222222221,Very High,4
602,13.1032052,80.25805530000001,4.471015453338623,1.0409152239593213,50,72.06944444444444,Very High,4
603,13.1032052,80.2680553,2.1600680351257324,7.205355684361136,50,60.90277777777777,Low,1
604,13.1032052,80.2780553,11.749556541442871,2.2017377478384073,50,78.70833333333334,Moderate,2
605,13.1032052,80.28805530000001,9.424137115478516,4.30257566403334,50,84.77083333333333,High,3
606,13.1032052,80.2980553,4.777799129486084,3.0730592498285554,50,49.44444444444444,Low,1
607,13.1032052,80.3080553,3.408310890197754,3.6690352661406664,80,0.8541666666666666,No historical polygon,-1
608,13.1032052,80.3180553,0.0,0.0,80,0.0,No historical polygon,-1
609,13.1032052,80.3280553,0.0,0.0,80,0.0,No historical polygon,-1
610,13.1132052,80.1280553,18.834636688232422,1.4802537058058083,50,54.333333333333336,Very Low,0
611,13.1132052,80.1380553,21.362018585205078,1.3471005471971333,50,49.36805555555556,Low,1
612,13.1132052,80.14805530000001,26.41645050048828,4.674337515958642,50,61.98611111111111,Very Low,0
613,13.1132052,80.1580553,20.304128646850586,0.3404687538530719,50,84.07638888888889,Low,1
614,13.1132052,80.1680553,16.253637313842773,0.4780983163364131,50,81.68055555555556,Low,1
615,13.1132052,80.17805530000001,13.81782054901123,1.8470705814628403,50,46.68055555555555,Low,1
616,13.1132052,80.1880553,13.199352264404297,3.011434483786832,50,73.45833333333334,Very High,4
617,13.1132052,80.19805530000001,13.43547248840332,3.235840859097642,50,58.65277777777778,Very High,4
618,13.1132052,80.2080553,15.304468154907227,1.6047118454099354,50,90.61111111111111,Moderate,2
619,13.1132052,80.2180553,13.006097793579102,1.3954505176730787,50,93.09722222222221,Moderate,2
620,13.1132052,80.22805530000001,12.321829795837402,2.1869169845790033,50,86.4375,Moderate,2
621,13.1132052,80.2380553,12.300996780395508,1.616284223647824,50,92.41666666666667,Low,1
622,13.1132052,80.2480553,8.28653335571289,2.7071690702197264,50,93.73611111111111,Very High,4
623,13.1132052,80.25805530000001,7.2781171798706055,1.8415367080565745,50,83.47916666666667,Very High,4
624,13.1132052,80.2680553,1.4487671852111816,0.2006695993968518,50,62.61805555555555,Very High,4
625,13.1132052,80.2780553,8.184294700622559,4.298151107218717,50,86.07638888888889,High,3
626,13.1132052,80.28805530000001,13.828628540039062,1.3984793562630473,50,93.70833333333334,Very Low,0
627,13.1132052,80.2980553,5.867125034332275,2.9767080151872465,50,64.79861111111111,Very Low,0
628,13.1132052,80.3080553,0.0,0.0,80,0.4722222222222222,No historical polygon,-1
629,13.1132052,80.3180553,0.0,0.0,80,0.0,No historical polygon,-1
630,13.1132052,80.3280553,0.0,0.0,80,0.0,No historical polygon,-1
631,13.1232052,80.1280553,24.552831649780273,0.9594988862777547,50,86.625,No historical polygon,-1
632,13.1232052,80.1380553,22.198583602905273,1.0564670077960434,50,77.72916666666667,Very Low,0
633,13.1232052,80.14805530000001,30.030405044555664,2.013110702663452,50,86.72916666666667,No historical polygon,-1
634,13.1232052,80.1580553,21.40507698059082,0.6727224160556055,50,90.00694444444444,Very Low,0
635,13.1232052,80.1680553,17.160730361938477,1.8500311231287092,50,66.48611111111111,Low,1
636,13.1232052,80.17805530000001,11.524618148803711,0.6509417864251986,40,3.951388888888889,Low,1
637,13.1232052,80.1880553,10.47470474243164,0.6412274160495496,50,30.729166666666668,Low,1
638,13.1232052,80.19805530000001,11.279365539550781,1.5947806179045756,50,75.14583333333333,Low,1
639,13.1232052,80.2080553,14.551203727722168,2.158693347375111,50,91.49305555555556,Low,1
640,13.1232052,80.2180553,12.756105422973633,2.569497632959445,50,92.47916666666667,Moderate,2
641,13.1232052,80.22805530000001,10.284994125366211,1.490104322403681,50,96.08333333333333,Moderate,2
642,13.1232052,80.2380553,7.824568271636963,1.668021359247598,50,64.73611111111111,High,3
643,13.1232052,80.2480553,8.492101669311523,1.9070965433052354,50,89.47222222222221,Very High,4
644,13.1232052,80.25805530000001,8.032514572143555,0.3820024052990159,50,88.06944444444444,Very High,4
645,13.1232052,80.2680553,3.5971810817718506,3.5660698714224246,50,60.10416666666667,Very High,4
646,13.1232052,80.2780553,7.122249603271484,3.0375805063286365,50,86.13194444444444,Very High,4
647,13.1232052,80.28805530000001,11.170048713684082,5.279472118724678,50,96.61805555555556,Very Low,0
648,13.1232052,80.2980553,0.0,3.4798348149283513,50,52.270833333333336,Very Low,0
649,13.1232052,80.3080553,0.0,0.0,80,0.0,No historical polygon,-1
650,13.1232052,80.3180553,0.0,0.0,80,0.0,No historical polygon,-1
651,13.1232052,80.3280553,0.0,0.0,80,0.0,No historical polygon,-1
652,13.1332052,80.1280553,33.5149040222168,4.929187105519909,50,48.77777777777778,No historical polygon,-1
653,13.1332052,80.1380553,25.103864669799805,1.4369057823834723,50,84.52083333333333,No historical polygon,-1
654,13.1332052,80.14805530000001,17.99679183959961,0.5327093571328075,50,80.00694444444446,Low,1
655,13.1332052,80.1580553,24.664255142211914,1.9548152238418146,50,89.29166666666667,Low,1
656,13.1332052,80.1680553,20.9229736328125,1.0460283953884808,50,73.14583333333333,Very Low,0
657,13.1332052,80.17805530000001,14.956831932067871,1.1132188549170763,50,58.486111111111114,Very Low,0
658,13.1332052,80.1880553,15.648265838623047,1.0010101080693141,50,39.07638888888889,Very Low,0
659,13.1332052,80.19805530000001,10.211158752441406,3.4421226068880038,50,82.53472222222223,High,3
660,13.1332052,80.2080553,16.023365020751953,1.2324275445520574,50,88.72222222222223,Very Low,0
661,13.1332052,80.2180553,9.53356647491455,0.8162004634148812,50,83.63194444444444,Low,1
662,13.1332052,80.22805530000001,9.245468139648438,1.0016577781784843,50,87.47916666666666,High,3
663,13.1332052,80.2380553,10.37460708618164,3.937032462954,50,65.08333333333334,Low,1
664,13.1332052,80.2480553,9.106202125549316,1.813190124759286,50,92.79166666666666,Low,1
665,13.1332052,80.25805530000001,7.5532450675964355,0.9776216025800916,50,79.9375,High,3
666,13.1332052,80.2680553,14.393406867980957,5.321544782682097,50,22.118055555555554,Very High,4
667,13.1332052,80.2780553,8.710579872131348,1.0097492406509159,50,56.23611111111111,Very High,4
668,13.1332052,80.28805530000001,12.067548751831055,1.5544798002525353,50,85.89583333333334,Low,1
669,13.1332052,80.2980553,4.0590081214904785,3.2757785817261103,50,46.89583333333333,No historical polygon,-1
670,13.1332052,80.3080553,0.0,0.0,80,0.013888888888888888,No historical polygon,-1
671,13.1332052,80.3180553,0.0,0.0,80,0.0,No historical polygon,-1
672,13.1332052,80.3280553,0.0,0.0,80,0.0,No historical polygon,-1
673,13.1432052,80.1280553,25.716291427612305,1.295706665990672,10,25.48611111111111,No historical polygon,-1
674,13.1432052,80.1380553,21.67403221130371,1.0130741825075924,50,62.61111111111111,No historical polygon,-1
675,13.1432052,80.14805530000001,13.0,0.0,80,8.6875,Low,1
676,13.1432052,80.1580553,13.0,0.0,80,15.722222222222223,Low,1
677,13.1432052,80.1680553,13.0,0.0,80,16.29861111111111,Very Low,0
678,13.1432052,80.17805530000001,18.877527236938477,1.797519045545781,50,29.465277777777775,Very Low,0
679,13.1432052,80.1880553,13.61036491394043,2.4044745745722733,50,58.4375,Very Low,0
680,13.1432052,80.19805530000001,8.853094100952148,0.7029279236771583,50,60.88194444444445,Low,1
681,13.1432052,80.2080553,10.468807220458984,2.3904546621799208,50,42.354166666666664,Very Low,0
682,13.1432052,80.2180553,8.144608497619629,0.5357310984248508,50,53.78472222222223,Very High,4
683,13.1432052,80.22805530000001,9.824389457702637,1.4880247971113183,50,65.91666666666667,Very High,4
684,13.1432052,80.2380553,9.130027770996094,2.5601093412345675,50,67.09027777777777,Low,1
685,13.1432052,80.2480553,9.221653938293457,0.501922462771565,50,84.30555555555556,Very Low,0
686,13.1432052,80.25805530000001,5.260602951049805,1.9614553216799897,50,50.173611111111114,High,3
687,13.1432052,80.2680553,2.66365909576416,0.708528140661336,10,3.0208333333333335,Very High,4
688,13.1432052,80.2780553,4.998166084289551,2.1894136528849573,50,42.28472222222222,Very High,4
689,13.1432052,80.28805530000001,4.6220855712890625,1.3366962740686161,50,60.229166666666664,Low,1
690,13.1432052,80.2980553,8.405973434448242,1.7405367818783957,50,65.4375,Very Low,0
691,13.1432052,80.3080553,0.0,0.0,80,0.0,Low,1
692,13.1432052,80.3180553,0.0,0.0,80,0.0,No historical polygon,-1
693,13.1432052,80.3280553,0.0,0.0,80,0.0,No historical polygon,-1
694,13.1532052,80.1280553,16.285009384155273,0.6408542105027817,40,6.319444444444445,No historical polygon,-1
695,13.1532052,80.1380553,15.861774444580078,1.401795067097114,40,10.145833333333334,No historical polygon,-1
696,13.1532052,80.14805530000001,14.582839965820312,0.7270702745933848,80,3.270833333333333,No historical polygon,-1
697,13.1532052,80.1580553,13.0,0.0,80,2.3194444444444446,No historical polygon,-1
698,13.1532052,80.1680553,13.0,0.0,80,0.0,No historical polygon,-1
699,13.1532052,80.17805530000001,13.0,0.0,80,0.0,Very Low,0
700,13.1532052,80.1880553,13.0,0.0,80,9.180555555555555,Very Low,0
701,13.1532052,80.19805530000001,17.888656616210938,3.4493680308195596,50,54.09027777777777,Very Low,0
702,13.1532052,80.2080553,12.11354923248291,1.3365139585478754,50,70.90972222222223,Very Low,0
703,13.1532052,80.2180553,6.391319274902344,0.16909222075997568,40,16.25,Moderate,2
704,13.1532052,80.22805530000001,9.658504486083984,3.732435869506399,50,66.80555555555556,Very Low,0
705,13.1532052,80.2380553,11.50201416015625,2.1398240209912576,50,48.354166666666664,Very Low,0
706,13.1532052,80.2480553,10.20765495300293,1.5026929557768127,10,37.03472222222222,Low,1
707,13.1532052,80.25805530000001,7.994263648986816,1.0236660099566772,10,31.090277777777775,Very Low,0
708,13.1532052,80.2680553,2.696300745010376,0.8162402937132908,50,31.451388888888886,Very High,4
709,13.1532052,80.2780553,6.325730800628662,0.6864352118374548,50,68.70833333333334,Low,1
710,13.1532052,80.28805530000001,2.9272420406341553,1.4288870053269875,10,36.84722222222222,Low,1
711,13.1532052,80.2980553,10.63913345336914,3.517932060141629,50,93.66666666666667,Very Low,0
712,13.1532052,80.3080553,0.0,0.0,80,15.166666666666668,Low,1
713,13.1532052,80.3180553,0.0,0.0,80,0.0,No historical polygon,-1
714,13.1532052,80.3280553,0.0,0.0,80,0.0,No historical polygon,-1
715,13.1632052,80.1280553,21.520320892333984,0.31479222624231706,40,14.895833333333334,No historical polygon,-1
716,13.1632052,80.1380553,23.535356521606445,0.5297892796503761,40,8.131944444444445,No historical polygon,-1
717,13.1632052,80.14805530000001,18.5,0.0,40,5.291666666666667,No historical polygon,-1
718,13.1632052,80.1580553,23.369609832763672,3.6627095195811377,40,10.375,No historical polygon,-1
719,13.1632052,80.1680553,13.0,0.0,80,0.3819444444444444,No historical polygon,-1
720,13.1632052,80.17805530000001,13.0,0.0,80,0.0,No historical polygon,-1
721,13.1632052,80.1880553,13.0,0.0,80,3.3472222222222223,No historical polygon,-1
722,13.1632052,80.19805530000001,19.726581573486328,1.89178142788911,50,44.02777777777778,Very Low,0
723,13.1632052,80.2080553,11.42833137512207,1.4794055675801043,50,58.69444444444445,Very Low,0
724,13.1632052,80.2180553,6.331908702850342,0.3793690801732815,40,6.993055555555555,High,3
725,13.1632052,80.22805530000001,7.347628116607666,1.741896401288103,50,57.4375,High,3
726,13.1632052,80.2380553,4.7333984375,1.6083641963650985,10,27.291666666666664,Very Low,0
727,13.1632052,80.2480553,5.488268852233887,2.1400123782806566,10,30.680555555555557,Low,1
728,13.1632052,80.25805530000001,7.430944919586182,0.3954342035693815,50,81.8611111111111,Very Low,0
729,13.1632052,80.2680553,2.854201078414917,0.5698581049913407,50,35.44444444444444,Very High,4
730,13.1632052,80.2780553,4.747259140014648,1.5441964300254585,50,87.625,Very Low,0
731,13.1632052,80.28805530000001,5.956214904785156,1.6128087225958008,50,42.854166666666664,Low,1
732,13.1632052,80.2980553,4.701574802398682,0.8828375294392816,50,85.47222222222223,Very Low,0
733,13.1632052,80.3080553,6.5893144607543945,1.3567057959121878,50,53.56944444444445,Low,1
734,13.1632052,80.3180553,0.0,0.0,80,0.0,No historical polygon,-1
735,13.1632052,80.3280553,0.0,0.0,80,0.0,No historical polygon,-1
736,13.1732052,80.1280553,24.703100204467773,0.8230643144958502,40,4.888888888888889,No historical polygon,-1
737,13.1732052,80.1380553,33.87139129638672,2.7311371997091776,40,19.041666666666668,No historical polygon,-1
738,13.1732052,80.14805530000001,25.236461639404297,3.2154574049002917,60,5.465277777777778,No historical polygon,-1
739,13.1732052,80.1580553,21.867141723632812,0.9458296902283113,40,19.71527777777778,No historical polygon,-1
740,13.1732052,80.1680553,13.0,0.0,80,4.840277777777778,No historical polygon,-1
741,13.1732052,80.17805530000001,13.0,0.0,80,0.0,No historical polygon,-1
742,13.1732052,80.1880553,13.0,0.0,80,7.444444444444444,Very Low,0
743,13.1732052,80.19805530000001,9.250426292419434,0.6003112442912627,50,69.65277777777777,Very Low,0
744,13.1732052,80.2080553,7.187528610229492,0.9890666363881518,50,51.66666666666667,Very Low,0
745,13.1732052,80.2180553,5.991739273071289,0.8456192451347778,50,40.3125,Very Low,0
746,13.1732052,80.22805530000001,4.493736743927002,0.815888776559347,40,30.159722222222225,Low,1
747,13.1732052,80.2380553,5.450784206390381,0.4616936613615191,10,26.506944444444446,Low,1
748,13.1732052,80.2480553,5.376537799835205,1.023338284510602,50,67.50694444444446,Low,1
749,13.1732052,80.25805530000001,4.221850872039795,1.4059702642072314,50,51.39583333333333,Low,1
750,13.1732052,80.2680553,5.270308017730713,1.4619188352991024,10,36.01388888888889,Moderate,2
751,13.1732052,80.2780553,4.0817484855651855,0.4712871012599572,50,67.52777777777777,Low,1
752,13.1732052,80.28805530000001,5.182089328765869,1.5921152365962026,50,48.861111111111114,Very High,4
753,13.1732052,80.2980553,5.905240058898926,1.2425529096613224,50,91.94444444444444,Very High,4
754,13.1732052,80.3080553,10.588240623474121,3.2141622280317086,50,62.527777777777786,Low,1
755,13.1732052,80.3180553,0.0,0.0,80,1.361111111111111,Low,1
756,13.1732052,80.3280553,0.0,0.0,80,0.0,No historical polygon,-1
757,13.1832052,80.1280553,37.091094970703125,1.192525785194012,50,31.763888888888893,No historical polygon,-1
758,13.1832052,80.1380553,37.70637893676758,0.7808926728939948,40,20.0625,No historical polygon,-1
759,13.1832052,80.14805530000001,20.72587013244629,0.7341707406753851,40,21.5625,No historical polygon,-1
760,13.1832052,80.1580553,15.202871322631836,0.3256135122846821,40,4.423611111111111,No historical polygon,-1
761,13.1832052,80.1680553,13.0,0.0,80,0.0,No historical polygon,-1
762,13.1832052,80.17805530000001,13.0,0.0,80,0.027777777777777776,No historical polygon,-1
763,13.1832052,80.1880553,13.0,0.0,80,16.3125,No historical polygon,-1
764,13.1832052,80.19805530000001,11.261284828186035,1.1838903413709303,50,49.75694444444444,No historical polygon,-1
765,13.1832052,80.2080553,9.063386917114258,1.081608314180622,50,36.3125,No historical polygon,-1
766,13.1832052,80.2180553,5.234515190124512,0.2342918332171751,40,18.63888888888889,No historical polygon,-1
767,13.1832052,80.22805530000001,8.367959976196289,1.5895596964823442,40,13.875000000000002,Very Low,0
768,13.1832052,80.2380553,9.250448226928711,3.3596684909384,10,16.86111111111111,Low,1
769,13.1832052,80.2480553,5.090930461883545,2.1311840107094113,10,7.069444444444445,Low,1
770,13.1832052,80.25805530000001,4.232428073883057,0.3164094041606509,10,9.069444444444445,Low,1
771,13.1832052,80.2680553,4.560417175292969,1.9121877001277254,50,33.46527777777778,Very High,4
772,13.1832052,80.2780553,2.627152442932129,0.9924029950092563,40,26.20138888888889,Low,1
773,13.1832052,80.28805530000001,3.640111207962036,0.635235239949825,40,19.555555555555557,Very High,4
774,13.1832052,80.2980553,3.0184738636016846,0.588088862159039,50,50.916666666666664,Very High,4
775,13.1832052,80.3080553,9.915264129638672,0.3827208002368442,50,79.0763888888889,Low,1
776,13.1832052,80.3180553,0.0,0.0,80,24.57638888888889,Low,1
777,13.1832052,80.3280553,0.0,0.0,80,0.0,No historical polygon,-1
778,13.1932052,80.1280553,36.34282684326172,0.43802273327811175,10,2.3333333333333335,No historical polygon,-1
779,13.1932052,80.1380553,37.512840270996094,3.9197366598471755,40,13.354166666666668,No historical polygon,-1
780,13.1932052,80.14805530000001,28.802017211914062,3.282177030294195,40,18.57638888888889,No historical polygon,-1
781,13.1932052,80.1580553,26.213930130004883,2.075161522649066,50,53.145833333333336,No historical polygon,-1
782,13.1932052,80.1680553,22.226287841796875,3.6791927049958906,50,41.36111111111111,No historical polygon,-1
783,13.1932052,80.17805530000001,13.0,0.5388741969908357,50,46.61805555555556,No historical polygon,-1
784,13.1932052,80.1880553,11.399142265319824,1.3997167038916452,50,77.4375,No historical polygon,-1
785,13.1932052,80.19805530000001,8.920300483703613,1.567057249276123,10,33.3125,No historical polygon,-1
786,13.1932052,80.2080553,7.139385223388672,0.4229665111735114,40,15.659722222222221,No historical polygon,-1
787,13.1932052,80.2180553,8.846921920776367,0.411004327957515,40,14.13888888888889,No historical polygon,-1
788,13.1932052,80.22805530000001,6.324892044067383,0.46083101374056007,40,6.993055555555555,No historical polygon,-1
789,13.1932052,80.2380553,7.451388359069824,2.720529199301703,40,12.104166666666668,Low,1
790,13.1932052,80.2480553,4.062740802764893,5.813307217171658,10,5.701388888888889,Low,1
791,13.1932052,80.25805530000001,3.167546272277832,0.11776295022527933,40,25.63888888888889,Very Low,0
792,13.1932052,80.2680553,3.986783266067505,0.552662700969028,50,43.395833333333336,High,3
793,13.1932052,80.2780553,2.656264066696167,0.33774744094235937,40,17.01388888888889,Low,1
794,13.1932052,80.28805530000001,2.42466139793396,1.0980540354217263,40,2.2708333333333335,Very High,4
795,13.1932052,80.2980553,3.5694432258605957,1.5087197064546924,30,0.3263888888888889,Low,1
796,13.1932052,80.3080553,8.086114883422852,3.0016579910299446,50,60.82638888888889,Low,1
797,13.1932052,80.3180553,3.6899185180664062,1.912043411119157,80,35.40277777777778,Very Low,0
798,13.1932052,80.3280553,0.0,0.0,80,0.0,No historical polygon,-1
799,13.2032052,80.1280553,28.034122467041016,6.578072945064882,40,17.458333333333336,No historical polygon,-1
800,13.2032052,80.1380553,29.37891960144043,2.5321225841058457,50,50.43055555555556,No historical polygon,-1
801,13.2032052,80.14805530000001,26.29521369934082,0.5585406066953627,50,26.729166666666664,No historical polygon,-1
802,13.2032052,80.1580553,20.937854766845703,0.2817513627898997,40,35.59722222222222,No historical polygon,-1
803,13.2032052,80.1680553,20.949338912963867,0.17955991359713616,50,68.68055555555556,No historical polygon,-1
804,13.2032052,80.17805530000001,17.802701950073242,3.2739208945689877,50,48.25694444444444,No historical polygon,-1
805,13.2032052,80.1880553,10.363710403442383,0.9362361929251173,40,32.13194444444444,No historical polygon,-1
806,13.2032052,80.19805530000001,14.014511108398438,6.583530114111785,40,29.791666666666668,No historical polygon,-1
807,13.2032052,80.2080553,8.057371139526367,0.49815857455787504,40,14.000000000000002,No historical polygon,-1
808,13.2032052,80.2180553,7.9294209480285645,0.5363373718557011,40,10.104166666666666,No historical polygon,-1
809,13.2032052,80.22805530000001,6.574786186218262,4.296000928348905,40,14.63888888888889,No historical polygon,-1
810,13.2032052,80.2380553,5.42943811416626,0.6315519117440594,40,2.8055555555555554,Very Low,0
811,13.2032052,80.2480553,4.508317470550537,0.7417572563226373,40,9.305555555555555,Very Low,0
812,13.2032052,80.25805530000001,4.463407039642334,0.34987628761891026,40,22.95138888888889,Very Low,0
813,13.2032052,80.2680553,6.740484714508057,3.1800434316150596,50,47.86805555555556,Very High,4
814,13.2032052,80.2780553,6.690483093261719,2.031960518525495,50,52.04861111111111,Low,1
815,13.2032052,80.28805530000001,1.6771568059921265,0.33760111463648185,30,0.0,Low,1
816,13.2032052,80.2980553,3.947056531906128,0.43270467082343456,30,3.4513888888888884,Very High,4
817,13.2032052,80.3080553,0.5,0.0,10,10.895833333333334,Low,1
818,13.2032052,80.3180553,7.400887966156006,1.9336517478179616,50,40.70138888888889,Very Low,0
819,13.2032052,80.3280553,0.0,0.0,80,0.0373134328358209,Very Low,0
820,13.2132052,80.1280553,22.699644088745117,0.218264523538063,80,3.854166666666667,No historical polygon,-1
821,13.2132052,80.1380553,15.0,0.0,80,0.0,No historical polygon,-1
822,13.2132052,80.14805530000001,25.097476959228516,4.79024751969235,10,12.354166666666666,No historical polygon,-1
823,13.2132052,80.1580553,20.406808853149414,0.47245308272661496,40,22.416666666666664,No historical polygon,-1
824,13.2132052,80.1680553,13.486632347106934,2.3333549901241697,50,36.61805555555556,No historical polygon,-1
825,13.2132052,80.17805530000001,10.0,4.003062885003065,40,8.805555555555555,No historical polygon,-1
826,13.2132052,80.1880553,12.446624755859375,1.3898213312217609,40,0.18055555555555555,No historical polygon,-1
827,13.2132052,80.19805530000001,10.12549114227295,0.5230409472457098,40,14.499999999999998,No historical polygon,-1
828,13.2132052,80.2080553,9.07808780670166,0.3906121391719219,40,1.3333333333333335,No historical polygon,-1
829,13.2132052,80.2180553,7.9955034255981445,0.3818628548562952,40,9.63888888888889,No historical polygon,-1
830,13.2132052,80.22805530000001,9.218369483947754,0.03327951253209161,40,0.14583333333333334,No historical polygon,-1
831,13.2132052,80.2380553,5.654152870178223,0.6965220220615217,40,1.8680555555555554,No historical polygon,-1
832,13.2132052,80.2480553,5.256779193878174,0.625210708829745,40,12.736111111111112,No historical polygon,-1
833,13.2132052,80.25805530000001,3.4862310886383057,0.36155072943040373,40,5.826388888888888,No historical polygon,-1
834,13.2132052,80.2680553,3.6326706409454346,0.874422434038321,50,35.86805555555556,No historical polygon,-1
835,13.2132052,80.2780553,3.606381416320801,1.0147682130243405,10,19.21527777777778,Low,1
836,13.2132052,80.28805530000001,2.523430347442627,0.49651592647139076,40,0.8402777777777778,Low,1
837,13.2132052,80.2980553,2.9648542404174805,3.9820160494621946,80,7.243055555555555,Very High,4
838,13.2132052,80.3080553,0.0,2.1001367050868565,80,0.3888888888888889,Very Low,0
839,13.2132052,80.3180553,8.358622550964355,0.7693007919514332,50,57.71527777777777,Very Low,0
840,13.2132052,80.3280553,0.0,0.0,80,23.18407960199005,No historical polygon,-1
841,13.2232052,80.1280553,25.49333953857422,1.375294946458979,40,0.6682389937106918,No historical polygon,-1
842,13.2232052,80.1380553,15.0,0.0,80,0.0,No historical polygon,-1
843,13.2232052,80.14805530000001,15.0,0.0,80,0.0,No historical polygon,-1
844,13.2232052,80.1580553,12.77672004699707,0.3079218528832963,10,10.872641509433963,No historical polygon,-1
845,13.2232052,80.1680553,16.70440673828125,4.45258802962213,50,30.974842767295595,No historical polygon,-1
846,13.2232052,80.17805530000001,14.618850708007812,1.865130511149578,10,11.79245283018868,No historical polygon,-1
847,13.2232052,80.1880553,12.679760932922363,0.5132537888386359,40,13.09748427672956,No historical polygon,-1
848,13.2232052,80.19805530000001,14.8818998336792,1.296075859199558,40,14.79559748427673,No historical polygon,-1
849,13.2232052,80.2080553,12.308749198913574,1.2250061919101445,40,1.0141509433962264,No historical polygon,-1
850,13.2232052,80.2180553,8.920745849609375,0.3833804554794484,40,1.4465408805031448,No historical polygon,-1
851,13.2232052,80.22805530000001,10.113787651062012,0.378360373306617,40,4.009433962264151,No historical polygon,-1
852,13.2232052,80.2380553,7.541865825653076,0.35274087683290367,40,0.0,No historical polygon,-1
853,13.2232052,80.2480553,6.511511325836182,2.64317049862749,10,10.102201257861635,No historical polygon,-1
854,13.2232052,80.25805530000001,4.2708024978637695,0.6099690539429492,40,11.04559748427673,No historical polygon,-1
855,13.2232052,80.2680553,3.512258529663086,0.4405863765644903,10,14.339622641509434,Low,1
856,13.2232052,80.2780553,6.725612640380859,0.8236000091061292,10,22.602201257861633,Low,1
857,13.2232052,80.28805530000001,3.425476312637329,0.4318957829820922,30,0.19654088050314467,Very High,4
858,13.2232052,80.2980553,1.9727197885513306,0.953842486601734,30,4.205974842767295,High,3
859,13.2232052,80.3080553,1.6431858539581299,0.5524873306360674,80,1.470125786163522,No historical polygon,-1
860,13.2232052,80.3180553,0.0,0.0,80,30.117924528301888,No historical polygon,-1
861,13.2232052,80.3280553,3.8107588291168213,2.9749910040735634,50,59.47620388622923,Low,1
