grid_id,center_lat,center_lon,historical_risk,risk_score
1,12.8232052,80.1280553,No historical polygon,-1
2,12.8232052,80.1380553,No historical polygon,-1
3,12.8232052,80.14805530000001,No historical polygon,-1
4,12.8232052,80.1580553,No historical polygon,-1
5,12.8232052,80.1680553,No historical polygon,-1
6,12.8232052,80.17805530000001,No historical polygon,-1
7,12.8232052,80.1880553,No historical polygon,-1
8,12.8232052,80.19805530000001,No historical polygon,-1
9,12.8232052,80.2080553,No historical polygon,-1
10,12.8232052,80.2180553,No historical polygon,-1
11,12.8232052,80.22805530000001,No historical polygon,-1
12,12.8232052,80.2380553,No historical polygon,-1
13,12.8232052,80.2480553,Low,1
14,12.8232052,80.25805530000001,No historical polygon,-1
15,12.8232052,80.2680553,No historical polygon,-1
16,12.8232052,80.2780553,No historical polygon,-1
17,12.8232052,80.28805530000001,No historical polygon,-1
18,12.8232052,80.2980553,No historical polygon,-1
19,12.8232052,80.3080553,No historical polygon,-1
20,12.8232052,80.3180553,No historical polygon,-1
21,12.8232052,80.3280553,No historical polygon,-1
22,12.8332052,80.1280553,No historical polygon,-1
23,12.8332052,80.1380553,No historical polygon,-1
24,12.8332052,80.14805530000001,No historical polygon,-1
25,12.8332052,80.1580553,No historical polygon,-1
26,12.8332052,80.1680553,No historical polygon,-1
27,12.8332052,80.17805530000001,No historical polygon,-1
28,12.8332052,80.1880553,No historical polygon,-1
29,12.8332052,80.19805530000001,No historical polygon,-1
30,12.8332052,80.2080553,No historical polygon,-1
31,12.8332052,80.2180553,No historical polygon,-1
32,12.8332052,80.22805530000001,No historical polygon,-1
33,12.8332052,80.2380553,No historical polygon,-1
34,12.8332052,80.2480553,No historical polygon,-1
35,12.8332052,80.25805530000001,No historical polygon,-1
36,12.8332052,80.2680553,No historical polygon,-1
37,12.8332052,80.2780553,No historical polygon,-1
38,12.8332052,80.28805530000001,No historical polygon,-1
39,12.8332052,80.2980553,No historical polygon,-1
40,12.8332052,80.3080553,No historical polygon,-1
41,12.8332052,80.3180553,No historical polygon,-1
42,12.8332052,80.3280553,No historical polygon,-1
43,12.8432052,80.1280553,No historical polygon,-1
44,12.8432052,80.1380553,No historical polygon,-1
45,12.8432052,80.14805530000001,Very Low,0
46,12.8432052,80.1580553,Very Low,0
47,12.8432052,80.1680553,Very Low,0
48,12.8432052,80.17805530000001,No historical polygon,-1
49,12.8432052,80.1880553,No historical polygon,-1
50,12.8432052,80.19805530000001,No historical polygon,-1
51,12.8432052,80.2080553,No historical polygon,-1
52,12.8432052,80.2180553,No historical polygon,-1
53,12.8432052,80.22805530000001,No historical polygon,-1
54,12.8432052,80.2380553,No historical polygon,-1
55,12.8432052,80.2480553,No historical polygon,-1
56,12.8432052,80.25805530000001,No historical polygon,-1
57,12.8432052,80.2680553,No historical polygon,-1
58,12.8432052,80.2780553,No historical polygon,-1
59,12.8432052,80.28805530000001,No historical polygon,-1
60,12.8432052,80.2980553,No historical polygon,-1
61,12.8432052,80.3080553,No historical polygon,-1
62,12.8432052,80.3180553,No historical polygon,-1
63,12.8432052,80.3280553,No historical polygon,-1
64,12.8532052,80.1280553,No historical polygon,-1
65,12.8532052,80.1380553,No historical polygon,-1
66,12.8532052,80.14805530000001,Very Low,0
67,12.8532052,80.1580553,No historical polygon,-1
68,12.8532052,80.1680553,No historical polygon,-1
69,12.8532052,80.17805530000001,No historical polygon,-1
70,12.8532052,80.1880553,No historical polygon,-1
71,12.8532052,80.19805530000001,No historical polygon,-1
72,12.8532052,80.2080553,No historical polygon,-1
73,12.8532052,80.2180553,High,3
74,12.8532052,80.22805530000001,Moderate,2
75,12.8532052,80.2380553,No historical polygon,-1
76,12.8532052,80.2480553,No historical polygon,-1
77,12.8532052,80.25805530000001,No historical polygon,-1
78,12.8532052,80.2680553,No historical polygon,-1
79,12.8532052,80.2780553,No historical polygon,-1
80,12.8532052,80.28805530000001,No historical polygon,-1
81,12.8532052,80.2980553,No historical polygon,-1
82,12.8532052,80.3080553,No historical polygon,-1
83,12.8532052,80.3180553,No historical polygon,-1
84,12.8532052,80.3280553,No historical polygon,-1
85,12.8632052,80.1280553,No historical polygon,-1
86,12.8632052,80.1380553,No historical polygon,-1
87,12.8632052,80.14805530000001,No historical polygon,-1
88,12.8632052,80.1580553,No historical polygon,-1
89,12.8632052,80.1680553,No historical polygon,-1
90,12.8632052,80.17805530000001,No historical polygon,-1
91,12.8632052,80.1880553,No historical polygon,-1
92,12.8632052,80.19805530000001,No historical polygon,-1
93,12.8632052,80.2080553,No historical polygon,-1
94,12.8632052,80.2180553,Very High,4
95,12.8632052,80.22805530000001,Very High,4
96,12.8632052,80.2380553,High,3
97,12.8632052,80.2480553,No historical polygon,-1
98,12.8632052,80.25805530000001,No historical polygon,-1
99,12.8632052,80.2680553,No historical polygon,-1
100,12.8632052,80.2780553,No historical polygon,-1
101,12.8632052,80.28805530000001,No historical polygon,-1
102,12.8632052,80.2980553,No historical polygon,-1
103,12.8632052,80.3080553,No historical polygon,-1
104,12.8632052,80.3180553,No historical polygon,-1
105,12.8632052,80.3280553,No historical polygon,-1
106,12.8732052,80.1280553,Very Low,0
107,12.8732052,80.1380553,No historical polygon,-1
108,12.8732052,80.14805530000001,No historical polygon,-1
109,12.8732052,80.1580553,Very Low,0
110,12.8732052,80.1680553,No historical polygon,-1
111,12.8732052,80.17805530000001,No historical polygon,-1
112,12.8732052,80.1880553,No historical polygon,-1
113,12.8732052,80.19805530000001,No historical polygon,-1
114,12.8732052,80.2080553,No historical polygon,-1
115,12.8732052,80.2180553,Very High,4
116,12.8732052,80.22805530000001,Very High,4
117,12.8732052,80.2380553,Moderate,2
118,12.8732052,80.2480553,No historical polygon,-1
119,12.8732052,80.25805530000001,No historical polygon,-1
120,12.8732052,80.2680553,No historical polygon,-1
121,12.8732052,80.2780553,No historical polygon,-1
122,12.8732052,80.28805530000001,No historical polygon,-1
123,12.8732052,80.2980553,No historical polygon,-1
124,12.8732052,80.3080553,No historical polygon,-1
125,12.8732052,80.3180553,No historical polygon,-1
126,12.8732052,80.3280553,No historical polygon,-1
127,12.883205199999999,80.1280553,No historical polygon,-1
128,12.883205199999999,80.1380553,No historical polygon,-1
129,12.883205199999999,80.14805530000001,No historical polygon,-1
130,12.883205199999999,80.1580553,No historical polygon,-1
131,12.883205199999999,80.1680553,Very Low,0
132,12.883205199999999,80.17805530000001,Very Low,0
133,12.883205199999999,80.1880553,No historical polygon,-1
134,12.883205199999999,80.19805530000001,No historical polygon,-1
135,12.883205199999999,80.2080553,No historical polygon,-1
136,12.883205199999999,80.2180553,Very High,4
137,12.883205199999999,80.22805530000001,Low,1
138,12.883205199999999,80.2380553,Moderate,2
139,12.883205199999999,80.2480553,Low,1
140,12.883205199999999,80.25805530000001,No historical polygon,-1
141,12.883205199999999,80.2680553,No historical polygon,-1
142,12.883205199999999,80.2780553,No historical polygon,-1
143,12.883205199999999,80.28805530000001,No historical polygon,-1
144,12.883205199999999,80.2980553,No historical polygon,-1
145,12.883205199999999,80.3080553,No historical polygon,-1
146,12.883205199999999,80.3180553,No historical polygon,-1
147,12.883205199999999,80.3280553,No historical polygon,-1
148,12.893205199999999,80.1280553,No historical polygon,-1
149,12.893205199999999,80.1380553,No historical polygon,-1
150,12.893205199999999,80.14805530000001,No historical polygon,-1
151,12.893205199999999,80.1580553,No historical polygon,-1
152,12.893205199999999,80.1680553,Very Low,0
153,12.893205199999999,80.17805530000001,No historical polygon,-1
154,12.893205199999999,80.1880553,No historical polygon,-1
155,12.893205199999999,80.19805530000001,No historical polygon,-1
156,12.893205199999999,80.2080553,Very High,4
157,12.893205199999999,80.2180553,Very High,4
158,12.893205199999999,80.22805530000001,Low,1
159,12.893205199999999,80.2380553,No historical polygon,-1
160,12.893205199999999,80.2480553,No historical polygon,-1
161,12.893205199999999,80.25805530000001,No historical polygon,-1
162,12.893205199999999,80.2680553,No historical polygon,-1
163,12.893205199999999,80.2780553,No historical polygon,-1
164,12.893205199999999,80.28805530000001,No historical polygon,-1
165,12.893205199999999,80.2980553,No historical polygon,-1
166,12.893205199999999,80.3080553,No historical polygon,-1
167,12.893205199999999,80.3180553,No historical polygon,-1
168,12.893205199999999,80.3280553,No historical polygon,-1
169,12.9032052,80.1280553,No historical polygon,-1
170,12.9032052,80.1380553,No historical polygon,-1
171,12.9032052,80.14805530000001,No historical polygon,-1
172,12.9032052,80.1580553,No historical polygon,-1
173,12.9032052,80.1680553,Very Low,0
174,12.9032052,80.17805530000001,Low,1
175,12.9032052,80.1880553,Low,1
176,12.9032052,80.19805530000001,Very High,4
177,12.9032052,80.2080553,High,3
178,12.9032052,80.2180553,Very High,4
179,12.9032052,80.22805530000001,Low,1
180,12.9032052,80.2380553,Very High,4
181,12.9032052,80.2480553,Very High,4
182,12.9032052,80.25805530000001,High,3
183,12.9032052,80.2680553,No historical polygon,-1
184,12.9032052,80.2780553,No historical polygon,-1
185,12.9032052,80.28805530000001,No historical polygon,-1
186,12.9032052,80.2980553,No historical polygon,-1
187,12.9032052,80.3080553,No historical polygon,-1
188,12.9032052,80.3180553,No historical polygon,-1
189,12.9032052,80.3280553,No historical polygon,-1
190,12.9132052,80.1280553,No historical polygon,-1
191,12.9132052,80.1380553,No historical polygon,-1
192,12.9132052,80.14805530000001,No historical polygon,-1
193,12.9132052,80.1580553,No historical polygon,-1
194,12.9132052,80.1680553,Very Low,0
195,12.9132052,80.17805530000001,Very Low,0
196,12.9132052,80.1880553,Very High,4
197,12.9132052,80.19805530000001,High,3
198,12.9132052,80.2080553,Low,1
199,12.9132052,80.2180553,High,3
200,12.9132052,80.22805530000001,High,3
201,12.9132052,80.2380553,Very High,4
202,12.9132052,80.2480553,Very High,4
203,12.9132052,80.25805530000001,No historical polygon,-1
204,12.9132052,80.2680553,No historical polygon,-1
205,12.9132052,80.2780553,No historical polygon,-1
206,12.9132052,80.28805530000001,No historical polygon,-1
207,12.9132052,80.2980553,No historical polygon,-1
208,12.9132052,80.3080553,No historical polygon,-1
209,12.9132052,80.3180553,No historical polygon,-1
210,12.9132052,80.3280553,No historical polygon,-1
211,12.9232052,80.1280553,No historical polygon,-1
212,12.9232052,80.1380553,No historical polygon,-1
213,12.9232052,80.14805530000001,No historical polygon,-1
214,12.9232052,80.1580553,No historical polygon,-1
215,12.9232052,80.1680553,No historical polygon,-1
216,12.9232052,80.17805530000001,Very Low,0
217,12.9232052,80.1880553,High,3
218,12.9232052,80.19805530000001,No historical polygon,-1
219,12.9232052,80.2080553,Very Low,0
220,12.9232052,80.2180553,High,3
221,12.9232052,80.22805530000001,Very High,4
222,12.9232052,80.2380553,Very High,4
223,12.9232052,80.2480553,Very High,4
224,12.9232052,80.25805530000001,Very Low,0
225,12.9232052,80.2680553,No historical polygon,-1
226,12.9232052,80.2780553,No historical polygon,-1
227,12.9232052,80.28805530000001,No historical polygon,-1
228,12.9232052,80.2980553,No historical polygon,-1
229,12.9232052,80.3080553,No historical polygon,-1
230,12.9232052,80.3180553,No historical polygon,-1
231,12.9232052,80.3280553,No historical polygon,-1
232,12.9332052,80.1280553,No historical polygon,-1
233,12.9332052,80.1380553,No historical polygon,-1
234,12.9332052,80.14805530000001,No historical polygon,-1
235,12.9332052,80.1580553,No historical polygon,-1
236,12.9332052,80.1680553,No historical polygon,-1
237,12.9332052,80.17805530000001,No historical polygon,-1
238,12.9332052,80.1880553,No historical polygon,-1
239,12.9332052,80.19805530000001,High,3
240,12.9332052,80.2080553,Low,1
241,12.9332052,80.2180553,Moderate,2
242,12.9332052,80.22805530000001,Very High,4
243,12.9332052,80.2380553,Very High,4
244,12.9332052,80.2480553,Very High,4
245,12.9332052,80.25805530000001,Very Low,0
246,12.9332052,80.2680553,No historical polygon,-1
247,12.9332052,80.2780553,No historical polygon,-1
248,12.9332052,80.28805530000001,No historical polygon,-1
249,12.9332052,80.2980553,No historical polygon,-1
250,12.9332052,80.3080553,No historical polygon,-1
251,12.9332052,80.3180553,No historical polygon,-1
252,12.9332052,80.3280553,No historical polygon,-1
253,12.9432052,80.1280553,No historical polygon,-1
254,12.9432052,80.1380553,No historical polygon,-1
255,12.9432052,80.14805530000001,No historical polygon,-1
256,12.9432052,80.1580553,No historical polygon,-1
257,12.9432052,80.1680553,No historical polygon,-1
258,12.9432052,80.17805530000001,No historical polygon,-1
259,12.9432052,80.1880553,No historical polygon,-1
260,12.9432052,80.19805530000001,Very High,4
261,12.9432052,80.2080553,Very High,4
262,12.9432052,80.2180553,Very High,4
263,12.9432052,80.22805530000001,Very High,4
264,12.9432052,80.2380553,Very High,4
265,12.9432052,80.2480553,Very High,4
266,12.9432052,80.25805530000001,Moderate,2
267,12.9432052,80.2680553,No historical polygon,-1
268,12.9432052,80.2780553,No historical polygon,-1
269,12.9432052,80.28805530000001,No historical polygon,-1
270,12.9432052,80.2980553,No historical polygon,-1
271,12.9432052,80.3080553,No historical polygon,-1
272,12.9432052,80.3180553,No historical polygon,-1
273,12.9432052,80.3280553,No historical polygon,-1
274,12.9532052,80.1280553,No historical polygon,-1
275,12.9532052,80.1380553,No historical polygon,-1
276,12.9532052,80.14805530000001,No historical polygon,-1
277,12.9532052,80.1580553,No historical polygon,-1
278,12.9532052,80.1680553,No historical polygon,-1
279,12.9532052,80.17805530000001,No historical polygon,-1
280,12.9532052,80.1880553,Low,1
281,12.9532052,80.19805530000001,Very High,4
282,12.9532052,80.2080553,Very High,4
283,12.9532052,80.2180553,Very High,4
284,12.9532052,80.22805530000001,High,3
285,12.9532052,80.2380553,Moderate,2
286,12.9532052,80.2480553,Very High,4
287,12.9532052,80.25805530000001,Moderate,2
288,12.9532052,80.2680553,No historical polygon,-1
289,12.9532052,80.2780553,No historical polygon,-1
290,12.9532052,80.28805530000001,No historical polygon,-1
291,12.9532052,80.2980553,No historical polygon,-1
292,12.9532052,80.3080553,No historical polygon,-1
293,12.9532052,80.3180553,No historical polygon,-1
294,12.9532052,80.3280553,No historical polygon,-1
295,12.963205199999999,80.1280553,No historical polygon,-1
296,12.963205199999999,80.1380553,No historical polygon,-1
297,12.963205199999999,80.14805530000001,No historical polygon,-1
298,12.963205199999999,80.1580553,No historical polygon,-1
299,12.963205199999999,80.1680553,No historical polygon,-1
300,12.963205199999999,80.17805530000001,No historical polygon,-1
301,12.963205199999999,80.1880553,Very Low,0
302,12.963205199999999,80.19805530000001,High,3
303,12.963205199999999,80.2080553,High,3
304,12.963205199999999,80.2180553,Very High,4
305,12.963205199999999,80.22805530000001,Very High,4
306,12.963205199999999,80.2380553,Very High,4
307,12.963205199999999,80.2480553,High,3
308,12.963205199999999,80.25805530000001,Moderate,2
309,12.963205199999999,80.2680553,No historical polygon,-1
310,12.963205199999999,80.2780553,No historical polygon,-1
311,12.963205199999999,80.28805530000001,No historical polygon,-1
312,12.963205199999999,80.2980553,No historical polygon,-1
313,12.963205199999999,80.3080553,No historical polygon,-1
314,12.963205199999999,80.3180553,No historical polygon,-1
315,12.963205199999999,80.3280553,No historical polygon,-1
316,12.973205199999999,80.1280553,No historical polygon,-1
317,12.973205199999999,80.1380553,No historical polygon,-1
318,12.973205199999999,80.14805530000001,No historical polygon,-1
319,12.973205199999999,80.1580553,No historical polygon,-1
320,12.973205199999999,80.1680553,No historical polygon,-1
321,12.973205199999999,80.17805530000001,High,3
322,12.973205199999999,80.1880553,No historical polygon,-1
323,12.973205199999999,80.19805530000001,High,3
324,12.973205199999999,80.2080553,Very High,4
325,12.973205199999999,80.2180553,Very High,4
326,12.973205199999999,80.22805530000001,Very High,4
327,12.973205199999999,80.2380553,High,3
328,12.973205199999999,80.2480553,Moderate,2
329,12.973205199999999,80.25805530000001,High,3
330,12.973205199999999,80.2680553,High,3
331,12.973205199999999,80.2780553,No historical polygon,-1
332,12.973205199999999,80.28805530000001,No historical polygon,-1
333,12.973205199999999,80.2980553,No historical polygon,-1
334,12.973205199999999,80.3080553,No historical polygon,-1
335,12.973205199999999,80.3180553,No historical polygon,-1
336,12.973205199999999,80.3280553,No historical polygon,-1
337,12.983205199999999,80.1280553,No historical polygon,-1
338,12.983205199999999,80.1380553,No historical polygon,-1
339,12.983205199999999,80.14805530000001,No historical polygon,-1
340,12.983205199999999,80.1580553,No historical polygon,-1
341,12.983205199999999,80.1680553,High,3
342,12.983205199999999,80.17805530000001,Moderate,2
343,12.983205199999999,80.1880553,Moderate,2
344,12.983205199999999,80.19805530000001,Moderate,2
345,12.983205199999999,80.2080553,High,3
346,12.983205199999999,80.2180553,High,3
347,12.983205199999999,80.22805530000001,Moderate,2
348,12.983205199999999,80.2380553,High,3
349,12.983205199999999,80.2480553,Very High,4
350,12.983205199999999,80.25805530000001,Very High,4
351,12.983205199999999,80.2680553,Moderate,2
352,12.983205199999999,80.2780553,No historical polygon,-1
353,12.983205199999999,80.28805530000001,No historical polygon,-1
354,12.983205199999999,80.2980553,No historical polygon,-1
355,12.983205199999999,80.3080553,No historical polygon,-1
356,12.983205199999999,80.3180553,No historical polygon,-1
357,12.983205199999999,80.3280553,No historical polygon,-1
358,12.9932052,80.1280553,No historical polygon,-1
359,12.9932052,80.1380553,No historical polygon,-1
360,12.9932052,80.14805530000001,No historical polygon,-1
361,12.9932052,80.1580553,Very High,4
362,12.9932052,80.1680553,Very High,4
363,12.9932052,80.17805530000001,Very High,4
364,12.9932052,80.1880553,Low,1
365,12.9932052,80.19805530000001,Low,1
366,12.9932052,80.2080553,High,3
367,12.9932052,80.2180553,Very High,4
368,12.9932052,80.22805530000001,No historical polygon,-1
369,12.9932052,80.2380553,Very High,4
370,12.9932052,80.2480553,Very High,4
371,12.9932052,80.25805530000001,Moderate,2
372,12.9932052,80.2680553,Moderate,2
373,12.9932052,80.2780553,No historical polygon,-1
374,12.9932052,80.28805530000001,No historical polygon,-1
375,12.9932052,80.2980553,No historical polygon,-1
376,12.9932052,80.3080553,No historical polygon,-1
377,12.9932052,80.3180553,No historical polygon,-1
378,12.9932052,80.3280553,No historical polygon,-1
379,13.0032052,80.1280553,No historical polygon,-1
380,13.0032052,80.1380553,No historical polygon,-1
381,13.0032052,80.14805530000001,No historical polygon,-1
382,13.0032052,80.1580553,Low,1
383,13.0032052,80.1680553,Very High,4
384,13.0032052,80.17805530000001,Low,1
385,13.0032052,80.1880553,Very Low,0
386,13.0032052,80.19805530000001,Low,1
387,13.0032052,80.2080553,Low,1
388,13.0032052,80.2180553,Very Low,0
389,13.0032052,80.22805530000001,No historical polygon,-1
390,13.0032052,80.2380553,No historical polygon,-1
391,13.0032052,80.2480553,High,3
392,13.0032052,80.25805530000001,Moderate,2
393,13.0032052,80.2680553,Moderate,2
394,13.0032052,80.2780553,Low,1
395,13.0032052,80.28805530000001,No historical polygon,-1
396,13.0032052,80.2980553,No historical polygon,-1
397,13.0032052,80.3080553,No historical polygon,-1
398,13.0032052,80.3180553,No historical polygon,-1
399,13.0032052,80.3280553,No historical polygon,-1
400,13.0132052,80.1280553,No historical polygon,-1
401,13.0132052,80.1380553,No historical polygon,-1
402,13.0132052,80.14805530000001,No historical polygon,-1
403,13.0132052,80.1580553,Low,1
404,13.0132052,80.1680553,Very High,4
405,13.0132052,80.17805530000001,Very High,4
406,13.0132052,80.1880553,Very High,4
407,13.0132052,80.19805530000001,Very High,4
408,13.0132052,80.2080553,Very High,4
409,13.0132052,80.2180553,Very High,4
410,13.0132052,80.22805530000001,Very High,4
411,13.0132052,80.2380553,Very High,4
412,13.0132052,80.2480553,Very High,4
413,13.0132052,80.25805530000001,Very High,4
414,13.0132052,80.2680553,Very High,4
415,13.0132052,80.2780553,Very High,4
416,13.0132052,80.28805530000001,No historical polygon,-1
417,13.0132052,80.2980553,No historical polygon,-1
418,13.0132052,80.3080553,No historical polygon,-1
419,13.0132052,80.3180553,No historical polygon,-1
420,13.0132052,80.3280553,No historical polygon,-1
421,13.0232052,80.1280553,No historical polygon,-1
422,13.0232052,80.1380553,No historical polygon,-1
423,13.0232052,80.14805530000001,Moderate,2
424,13.0232052,80.1580553,Low,1
425,13.0232052,80.1680553,Very High,4
426,13.0232052,80.17805530000001,Very High,4
427,13.0232052,80.1880553,Very High,4
428,13.0232052,80.19805530000001,Very High,4
429,13.0232052,80.2080553,Very High,4
430,13.0232052,80.2180553,Very High,4
431,13.0232052,80.22805530000001,High,3
432,13.0232052,80.2380553,Very High,4
433,13.0232052,80.2480553,Very High,4
434,13.0232052,80.25805530000001,Moderate,2
435,13.0232052,80.2680553,Very High,4
436,13.0232052,80.2780553,Very High,4
437,13.0232052,80.28805530000001,No historical polygon,-1
438,13.0232052,80.2980553,No historical polygon,-1
439,13.0232052,80.3080553,No historical polygon,-1
440,13.0232052,80.3180553,No historical polygon,-1
441,13.0232052,80.3280553,No historical polygon,-1
442,13.0332052,80.1280553,No historical polygon,-1
443,13.0332052,80.1380553,No historical polygon,-1
444,13.0332052,80.14805530000001,Low,1
445,13.0332052,80.1580553,Very Low,0
446,13.0332052,80.1680553,Very High,4
447,13.0332052,80.17805530000001,High,3
448,13.0332052,80.1880553,Very High,4
449,13.0332052,80.19805530000001,Very High,4
450,13.0332052,80.2080553,Very High,4
451,13.0332052,80.2180553,Very High,4
452,13.0332052,80.22805530000001,High,3
453,13.0332052,80.2380553,Very High,4
454,13.0332052,80.2480553,Moderate,2
455,13.0332052,80.25805530000001,High,3
456,13.0332052,80.2680553,Very High,4
457,13.0332052,80.2780553,Low,1
458,13.0332052,80.28805530000001,No historical polygon,-1
459,13.0332052,80.2980553,No historical polygon,-1
460,13.0332052,80.3080553,No historical polygon,-1
461,13.0332052,80.3180553,No historical polygon,-1
462,13.0332052,80.3280553,No historical polygon,-1
463,13.0432052,80.1280553,No historical polygon,-1
464,13.0432052,80.1380553,Very Low,0
465,13.0432052,80.14805530000001,Very Low,0
466,13.0432052,80.1580553,Low,1
467,13.0432052,80.1680553,Very High,4
468,13.0432052,80.17805530000001,Very High,4
469,13.0432052,80.1880553,Very High,4
470,13.0432052,80.19805530000001,Very High,4
471,13.0432052,80.2080553,Very High,4
472,13.0432052,80.2180553,Very High,4
473,13.0432052,80.22805530000001,Moderate,2
474,13.0432052,80.2380553,Moderate,2
475,13.0432052,80.2480553,High,3
476,13.0432052,80.25805530000001,Moderate,2
477,13.0432052,80.2680553,Very High,4
478,13.0432052,80.2780553,Very High,4
479,13.0432052,80.28805530000001,No historical polygon,-1
480,13.0432052,80.2980553,No historical polygon,-1
481,13.0432052,80.3080553,No historical polygon,-1
482,13.0432052,80.3180553,No historical polygon,-1
483,13.0432052,80.3280553,No historical polygon,-1
484,13.053205199999999,80.1280553,No historical polygon,-1
485,13.053205199999999,80.1380553,Very Low,0
486,13.053205199999999,80.14805530000001,Very Low,0
487,13.053205199999999,80.1580553,Moderate,2
488,13.053205199999999,80.1680553,Moderate,2
489,13.053205199999999,80.17805530000001,Very High,4
490,13.053205199999999,80.1880553,Very High,4
491,13.053205199999999,80.19805530000001,Very High,4
492,13.053205199999999,80.2080553,Very High,4
493,13.053205199999999,80.2180553,Low,1
494,13.053205199999999,80.22805530000001,Moderate,2
495,13.053205199999999,80.2380553,Moderate,2
496,13.053205199999999,80.2480553,Moderate,2
497,13.053205199999999,80.25805530000001,High,3
498,13.053205199999999,80.2680553,Very High,4
499,13.053205199999999,80.2780553,Very High,4
500,13.053205199999999,80.28805530000001,No historical polygon,-1
501,13.053205199999999,80.2980553,No historical polygon,-1
502,13.053205199999999,80.3080553,No historical polygon,-1
503,13.053205199999999,80.3180553,No historical polygon,-1
504,13.053205199999999,80.3280553,No historical polygon,-1
505,13.063205199999999,80.1280553,Very Low,0
506,13.063205199999999,80.1380553,Very Low,0
507,13.063205199999999,80.14805530000001,Very Low,0
508,13.063205199999999,80.1580553,Very High,4
509,13.063205199999999,80.1680553,Very High,4
510,13.063205199999999,80.17805530000001,Low,1
511,13.063205199999999,80.1880553,Very High,4
512,13.063205199999999,80.19805530000001,Very High,4
513,13.063205199999999,80.2080553,Very High,4
514,13.063205199999999,80.2180553,High,3
515,13.063205199999999,80.22805530000001,Very High,4
516,13.063205199999999,80.2380553,Very High,4
517,13.063205199999999,80.2480553,Very High,4
518,13.063205199999999,80.25805530000001,Very High,4
519,13.063205199999999,80.2680553,Very High,4
520,13.063205199999999,80.2780553,Very High,4
521,13.063205199999999,80.28805530000001,Low,1
522,13.063205199999999,80.2980553,No historical polygon,-1
523,13.063205199999999,80.3080553,No historical polygon,-1
524,13.063205199999999,80.3180553,No historical polygon,-1
525,13.063205199999999,80.3280553,No historical polygon,-1
526,13.0732052,80.1280553,Very Low,0
527,13.0732052,80.1380553,Very Low,0
528,13.0732052,80.14805530000001,Very Low,0
529,13.0732052,80.1580553,High,3
530,13.0732052,80.1680553,Very High,4
531,13.0732052,80.17805530000001,Very High,4
532,13.0732052,80.1880553,Very High,4
533,13.0732052,80.19805530000001,Very High,4
534,13.0732052,80.2080553,Very High,4
535,13.0732052,80.2180553,Very High,4
536,13.0732052,80.22805530000001,Very High,4
537,13.0732052,80.2380553,Very High,4
538,13.0732052,80.2480553,Very High,4
539,13.0732052,80.25805530000001,Very High,4
540,13.0732052,80.2680553,Very High,4
541,13.0732052,80.2780553,Very High,4
542,13.0732052,80.28805530000001,Very High,4
543,13.0732052,80.2980553,No historical polygon,-1
544,13.0732052,80.3080553,No historical polygon,-1
545,13.0732052,80.3180553,No historical polygon,-1
546,13.0732052,80.3280553,No historical polygon,-1
547,13.0832052,80.1280553,No historical polygon,-1
548,13.0832052,80.1380553,Very Low,0
549,13.0832052,80.14805530000001,Low,1
550,13.0832052,80.1580553,Very High,4
551,13.0832052,80.1680553,Very High,4
552,13.0832052,80.17805530000001,Very High,4
553,13.0832052,80.1880553,Very High,4
554,13.0832052,80.19805530000001,Very High,4
555,13.0832052,80.2080553,Very High,4
556,13.0832052,80.2180553,Very High,4
557,13.0832052,80.22805530000001,Very High,4
558,13.0832052,80.2380553,Very High,4
559,13.0832052,80.2480553,Very High,4
560,13.0832052,80.25805530000001,Very High,4
561,13.0832052,80.2680553,Very High,4
562,13.0832052,80.2780553,Low,1
563,13.0832052,80.28805530000001,High,3
564,13.0832052,80.2980553,Low,1
565,13.0832052,80.3080553,No historical polygon,-1
566,13.0832052,80.3180553,No historical polygon,-1
567,13.0832052,80.3280553,No historical polygon,-1
568,13.0932052,80.1280553,No historical polygon,-1
569,13.0932052,80.1380553,Very Low,0
570,13.0932052,80.14805530000001,Low,1
571,13.0932052,80.1580553,Very High,4
572,13.0932052,80.1680553,High,3
573,13.0932052,80.17805530000001,High,3
574,13.0932052,80.1880553,Very High,4
575,13.0932052,80.19805530000001,Very High,4
576,13.0932052,80.2080553,Very High,4
577,13.0932052,80.2180553,Very High,4
578,13.0932052,80.22805530000001,Very High,4
579,13.0932052,80.2380553,Very High,4
580,13.0932052,80.2480553,Very High,4
581,13.0932052,80.25805530000001,High,3
582,13.0932052,80.2680553,Very High,4
583,13.0932052,80.2780553,High,3
584,13.0932052,80.28805530000001,High,3
585,13.0932052,80.2980553,Very Low,0
586,13.0932052,80.3080553,Very Low,0
587,13.0932052,80.3180553,No historical polygon,-1
588,13.0932052,80.3280553,No historical polygon,-1
589,13.1032052,80.1280553,Very Low,0
590,13.1032052,80.1380553,Low,1
591,13.1032052,80.14805530000001,Low,1
592,13.1032052,80.1580553,Very High,4
593,13.1032052,80.1680553,Low,1
594,13.1032052,80.17805530000001,Low,1
595,13.1032052,80.1880553,Low,1
596,13.1032052,80.19805530000001,High,3
597,13.1032052,80.2080553,Very High,4
598,13.1032052,80.2180553,Low,1
599,13.1032052,80.22805530000001,Moderate,2
600,13.1032052,80.2380553,High,3
601,13.1032052,80.2480553,Very High,4
602,13.1032052,80.25805530000001,Very High,4
603,13.1032052,80.2680553,Low,1
604,13.1032052,80.2780553,Moderate,2
605,13.1032052,80.28805530000001,High,3
606,13.1032052,80.2980553,Low,1
607,13.1032052,80.3080553,No historical polygon,-1
608,13.1032052,80.3180553,No historical polygon,-1
609,13.1032052,80.3280553,No historical polygon,-1
610,13.1132052,80.1280553,Very Low,0
611,13.1132052,80.1380553,Low,1
612,13.1132052,80.14805530000001,Very Low,0
613,13.1132052,80.1580553,Low,1
614,13.1132052,80.1680553,Low,1
615,13.1132052,80.17805530000001,Low,1
616,13.1132052,80.1880553,Very High,4
617,13.1132052,80.19805530000001,Very High,4
618,13.1132052,80.2080553,Moderate,2
619,13.1132052,80.2180553,Moderate,2
620,13.1132052,80.22805530000001,Moderate,2
621,13.1132052,80.2380553,Low,1
622,13.1132052,80.2480553,Very High,4
623,13.1132052,80.25805530000001,Very High,4
624,13.1132052,80.2680553,Very High,4
625,13.1132052,80.2780553,High,3
626,13.1132052,80.28805530000001,Very Low,0
627,13.1132052,80.2980553,Very Low,0
628,13.1132052,80.3080553,No historical polygon,-1
629,13.1132052,80.3180553,No historical polygon,-1
630,13.1132052,80.3280553,No historical polygon,-1
631,13.1232052,80.1280553,No historical polygon,-1
632,13.1232052,80.1380553,Very Low,0
633,13.1232052,80.14805530000001,No historical polygon,-1
634,13.1232052,80.1580553,Very Low,0
635,13.1232052,80.1680553,Low,1
636,13.1232052,80.17805530000001,Low,1
637,13.1232052,80.1880553,Low,1
638,13.1232052,80.19805530000001,Low,1
639,13.1232052,80.2080553,Low,1
640,13.1232052,80.2180553,Moderate,2
641,13.1232052,80.22805530000001,Moderate,2
642,13.1232052,80.2380553,High,3
643,13.1232052,80.2480553,Very High,4
644,13.1232052,80.25805530000001,Very High,4
645,13.1232052,80.2680553,Very High,4
646,13.1232052,80.2780553,Very High,4
647,13.1232052,80.28805530000001,Very Low,0
648,13.1232052,80.2980553,Very Low,0
649,13.1232052,80.3080553,No historical polygon,-1
650,13.1232052,80.3180553,No historical polygon,-1
651,13.1232052,80.3280553,No historical polygon,-1
652,13.133205199999999,80.1280553,No historical polygon,-1
653,13.133205199999999,80.1380553,No historical polygon,-1
654,13.133205199999999,80.14805530000001,Low,1
655,13.133205199999999,80.1580553,Low,1
656,13.133205199999999,80.1680553,Very Low,0
657,13.133205199999999,80.17805530000001,Very Low,0
658,13.133205199999999,80.1880553,Very Low,0
659,13.133205199999999,80.19805530000001,High,3
660,13.133205199999999,80.2080553,Very Low,0
661,13.133205199999999,80.2180553,Low,1
662,13.133205199999999,80.22805530000001,High,3
663,13.133205199999999,80.2380553,Low,1
664,13.133205199999999,80.2480553,Low,1
665,13.133205199999999,80.25805530000001,High,3
666,13.133205199999999,80.2680553,Very High,4
667,13.133205199999999,80.2780553,Very High,4
668,13.133205199999999,80.28805530000001,Low,1
669,13.133205199999999,80.2980553,No historical polygon,-1
670,13.133205199999999,80.3080553,No historical polygon,-1
671,13.133205199999999,80.3180553,No historical polygon,-1
672,13.133205199999999,80.3280553,No historical polygon,-1
673,13.143205199999999,80.1280553,No historical polygon,-1
674,13.143205199999999,80.1380553,No historical polygon,-1
675,13.143205199999999,80.14805530000001,Low,1
676,13.143205199999999,80.1580553,Low,1
677,13.143205199999999,80.1680553,Very Low,0
678,13.143205199999999,80.17805530000001,Very Low,0
679,13.143205199999999,80.1880553,Very Low,0
680,13.143205199999999,80.19805530000001,Low,1
681,13.143205199999999,80.2080553,Very Low,0
682,13.143205199999999,80.2180553,Very High,4
683,13.143205199999999,80.22805530000001,Very High,4
684,13.143205199999999,80.2380553,Low,1
685,13.143205199999999,80.2480553,Very Low,0
686,13.143205199999999,80.25805530000001,High,3
687,13.143205199999999,80.2680553,Very High,4
688,13.143205199999999,80.2780553,Very High,4
689,13.143205199999999,80.28805530000001,Low,1
690,13.143205199999999,80.2980553,Very Low,0
691,13.143205199999999,80.3080553,Low,1
692,13.143205199999999,80.3180553,No historical polygon,-1
693,13.143205199999999,80.3280553,No historical polygon,-1
694,13.1532052,80.1280553,No historical polygon,-1
695,13.1532052,80.1380553,No historical polygon,-1
696,13.1532052,80.14805530000001,No historical polygon,-1
697,13.1532052,80.1580553,No historical polygon,-1
698,13.1532052,80.1680553,No historical polygon,-1
699,13.1532052,80.17805530000001,Very Low,0
700,13.1532052,80.1880553,Very Low,0
701,13.1532052,80.19805530000001,Very Low,0
702,13.1532052,80.2080553,Very Low,0
703,13.1532052,80.2180553,Moderate,2
704,13.1532052,80.22805530000001,Very Low,0
705,13.1532052,80.2380553,Very Low,0
706,13.1532052,80.2480553,Low,1
707,13.1532052,80.25805530000001,Very Low,0
708,13.1532052,80.2680553,Very High,4
709,13.1532052,80.2780553,Low,1
710,13.1532052,80.28805530000001,Low,1
711,13.1532052,80.2980553,Very Low,0
712,13.1532052,80.3080553,Low,1
713,13.1532052,80.3180553,No historical polygon,-1
714,13.1532052,80.3280553,No historical polygon,-1
715,13.1632052,80.1280553,No historical polygon,-1
716,13.1632052,80.1380553,No historical polygon,-1
717,13.1632052,80.14805530000001,No historical polygon,-1
718,13.1632052,80.1580553,No historical polygon,-1
719,13.1632052,80.1680553,No historical polygon,-1
720,13.1632052,80.17805530000001,No historical polygon,-1
721,13.1632052,80.1880553,No historical polygon,-1
722,13.1632052,80.19805530000001,Very Low,0
723,13.1632052,80.2080553,Very Low,0
724,13.1632052,80.2180553,High,3
725,13.1632052,80.22805530000001,High,3
726,13.1632052,80.2380553,Very Low,0
727,13.1632052,80.2480553,Low,1
728,13.1632052,80.25805530000001,Very Low,0
729,13.1632052,80.2680553,Very High,4
730,13.1632052,80.2780553,Very Low,0
731,13.1632052,80.28805530000001,Low,1
732,13.1632052,80.2980553,Very Low,0
733,13.1632052,80.3080553,Low,1
734,13.1632052,80.3180553,No historical polygon,-1
735,13.1632052,80.3280553,No historical polygon,-1
736,13.1732052,80.1280553,No historical polygon,-1
737,13.1732052,80.1380553,No historical polygon,-1
738,13.1732052,80.14805530000001,No historical polygon,-1
739,13.1732052,80.1580553,No historical polygon,-1
740,13.1732052,80.1680553,No historical polygon,-1
741,13.1732052,80.17805530000001,No historical polygon,-1
742,13.1732052,80.1880553,Very Low,0
743,13.1732052,80.19805530000001,Very Low,0
744,13.1732052,80.2080553,Very Low,0
745,13.1732052,80.2180553,Very Low,0
746,13.1732052,80.22805530000001,Low,1
747,13.1732052,80.2380553,Low,1
748,13.1732052,80.2480553,Low,1
749,13.1732052,80.25805530000001,Low,1
750,13.1732052,80.2680553,Moderate,2
751,13.1732052,80.2780553,Low,1
752,13.1732052,80.28805530000001,Very High,4
753,13.1732052,80.2980553,Very High,4
754,13.1732052,80.3080553,Low,1
755,13.1732052,80.3180553,Low,1
756,13.1732052,80.3280553,No historical polygon,-1
757,13.1832052,80.1280553,No historical polygon,-1
758,13.1832052,80.1380553,No historical polygon,-1
759,13.1832052,80.14805530000001,No historical polygon,-1
760,13.1832052,80.1580553,No historical polygon,-1
761,13.1832052,80.1680553,No historical polygon,-1
762,13.1832052,80.17805530000001,No historical polygon,-1
763,13.1832052,80.1880553,No historical polygon,-1
764,13.1832052,80.19805530000001,No historical polygon,-1
765,13.1832052,80.2080553,No historical polygon,-1
766,13.1832052,80.2180553,No historical polygon,-1
767,13.1832052,80.22805530000001,Very Low,0
768,13.1832052,80.2380553,Low,1
769,13.1832052,80.2480553,Low,1
770,13.1832052,80.25805530000001,Low,1
771,13.1832052,80.2680553,Very High,4
772,13.1832052,80.2780553,Low,1
773,13.1832052,80.28805530000001,Very High,4
774,13.1832052,80.2980553,Very High,4
775,13.1832052,80.3080553,Low,1
776,13.1832052,80.3180553,Low,1
777,13.1832052,80.3280553,No historical polygon,-1
778,13.1932052,80.1280553,No historical polygon,-1
779,13.1932052,80.1380553,No historical polygon,-1
780,13.1932052,80.14805530000001,No historical polygon,-1
781,13.1932052,80.1580553,No historical polygon,-1
782,13.1932052,80.1680553,No historical polygon,-1
783,13.1932052,80.17805530000001,No historical polygon,-1
784,13.1932052,80.1880553,No historical polygon,-1
785,13.1932052,80.19805530000001,No historical polygon,-1
786,13.1932052,80.2080553,No historical polygon,-1
787,13.1932052,80.2180553,No historical polygon,-1
788,13.1932052,80.22805530000001,No historical polygon,-1
789,13.1932052,80.2380553,Low,1
790,13.1932052,80.2480553,Low,1
791,13.1932052,80.25805530000001,Very Low,0
792,13.1932052,80.2680553,High,3
793,13.1932052,80.2780553,Low,1
794,13.1932052,80.28805530000001,Very High,4
795,13.1932052,80.2980553,Low,1
796,13.1932052,80.3080553,Low,1
797,13.1932052,80.3180553,Very Low,0
798,13.1932052,80.3280553,No historical polygon,-1
799,13.2032052,80.1280553,No historical polygon,-1
800,13.2032052,80.1380553,No historical polygon,-1
801,13.2032052,80.14805530000001,No historical polygon,-1
802,13.2032052,80.1580553,No historical polygon,-1
803,13.2032052,80.1680553,No historical polygon,-1
804,13.2032052,80.17805530000001,No historical polygon,-1
805,13.2032052,80.1880553,No historical polygon,-1
806,13.2032052,80.19805530000001,No historical polygon,-1
807,13.2032052,80.2080553,No historical polygon,-1
808,13.2032052,80.2180553,No historical polygon,-1
809,13.2032052,80.22805530000001,No historical polygon,-1
810,13.2032052,80.2380553,Very Low,0
811,13.2032052,80.2480553,Very Low,0
812,13.2032052,80.25805530000001,Very Low,0
813,13.2032052,80.2680553,Very High,4
814,13.2032052,80.2780553,Low,1
815,13.2032052,80.28805530000001,Low,1
816,13.2032052,80.2980553,Very High,4
817,13.2032052,80.3080553,Low,1
818,13.2032052,80.3180553,Very Low,0
819,13.2032052,80.3280553,Very Low,0
820,13.213205199999999,80.1280553,No historical polygon,-1
821,13.213205199999999,80.1380553,No historical polygon,-1
822,13.213205199999999,80.14805530000001,No historical polygon,-1
823,13.213205199999999,80.1580553,No historical polygon,-1
824,13.213205199999999,80.1680553,No historical polygon,-1
825,13.213205199999999,80.17805530000001,No historical polygon,-1
826,13.213205199999999,80.1880553,No historical polygon,-1
827,13.213205199999999,80.19805530000001,No historical polygon,-1
828,13.213205199999999,80.2080553,No historical polygon,-1
829,13.213205199999999,80.2180553,No historical polygon,-1
830,13.213205199999999,80.22805530000001,No historical polygon,-1
831,13.213205199999999,80.2380553,No historical polygon,-1
832,13.213205199999999,80.2480553,No historical polygon,-1
833,13.213205199999999,80.25805530000001,No historical polygon,-1
834,13.213205199999999,80.2680553,No historical polygon,-1
835,13.213205199999999,80.2780553,Low,1
836,13.213205199999999,80.28805530000001,Low,1
837,13.213205199999999,80.2980553,Very High,4
838,13.213205199999999,80.3080553,Very Low,0
839,13.213205199999999,80.3180553,Very Low,0
840,13.213205199999999,80.3280553,No historical polygon,-1
841,13.223205199999999,80.1280553,No historical polygon,-1
842,13.223205199999999,80.1380553,No historical polygon,-1
843,13.223205199999999,80.14805530000001,No historical polygon,-1
844,13.223205199999999,80.1580553,No historical polygon,-1
845,13.223205199999999,80.1680553,No historical polygon,-1
846,13.223205199999999,80.17805530000001,No historical polygon,-1
847,13.223205199999999,80.1880553,No historical polygon,-1
848,13.223205199999999,80.19805530000001,No historical polygon,-1
849,13.223205199999999,80.2080553,No historical polygon,-1
850,13.223205199999999,80.2180553,No historical polygon,-1
851,13.223205199999999,80.22805530000001,No historical polygon,-1
852,13.223205199999999,80.2380553,No historical polygon,-1
853,13.223205199999999,80.2480553,No historical polygon,-1
854,13.223205199999999,80.25805530000001,No historical polygon,-1
855,13.223205199999999,80.2680553,Low,1
856,13.223205199999999,80.2780553,Low,1
857,13.223205199999999,80.28805530000001,Very High,4
858,13.223205199999999,80.2980553,High,3
859,13.223205199999999,80.3080553,No historical polygon,-1
860,13.223205199999999,80.3180553,No historical polygon,-1
861,13.223205199999999,80.3280553,Low,1
