timestamp,rainfall_mean,water_level,quality_flag
2022-01-09 03:00:00,0.5,1.401,VALID
2022-01-09 10:00:00,0.5,1.387,VALID
2022-01-09 11:00:00,4.0,1.389,VALID
2022-01-09 13:00:00,1.0,1.381,VALID
2022-01-09 14:00:00,11.5,1.371,VALID
2022-01-09 15:00:00,2.5,1.371,VALID
2022-01-09 16:00:00,0.5,1.37,VALID
2022-01-11 00:00:00,5.0,1.373,VALID
2022-01-11 01:00:00,4.0,1.372,VALID
2022-01-11 02:00:00,3.5,1.371,VALID
2022-01-11 03:00:00,0.5,1.371,VALID
2022-01-11 05:00:00,1.0,1.37,VALID
2022-01-11 06:00:00,3.5,1.367,VALID
2022-01-11 07:00:00,1.5,1.367,VALID
2022-01-11 08:00:00,2.5,1.368,VALID
2022-01-11 09:00:00,13.5,1.364,VALID
2022-01-11 10:00:00,9.5,1.364,VALID
2022-01-11 11:00:00,5.0,1.362,VALID
2022-01-11 12:00:00,3.5,1.362,VALID
2022-01-11 13:00:00,9.25,1.362,VALID
2022-01-11 14:00:00,16.75,1.362,VALID
2022-01-11 15:00:00,3.0,1.362,VALID
2022-01-11 16:00:00,1.5,1.354,VALID
2022-01-11 17:00:00,0.5,1.363,VALID
2022-01-11 20:00:00,2.5,1.364,VALID
2022-01-11 21:00:00,52.0,1.364,VALID
2022-01-11 22:00:00,113.5,1.363,VALID
2022-01-11 23:00:00,46.5,1.364,VALID
2022-01-12 02:00:00,3.0,1.36,VALID
2022-01-12 05:00:00,1.0,1.356,VALID
2022-02-09 00:00:00,0.5,0.586,VALID
2022-02-09 06:00:00,0.5,0.594,VALID
2022-02-09 08:00:00,0.5,0.58,VALID
2022-02-09 09:00:00,0.5,0.58,VALID
2022-02-09 10:00:00,0.5,0.609,VALID
2022-02-09 13:00:00,0.5,0.579,VALID
2022-02-09 17:00:00,0.5,0.577,VALID
2022-02-09 18:00:00,0.5,0.584,VALID
2022-02-09 20:00:00,0.5,0.574,VALID
2022-02-09 21:00:00,0.5,0.576,VALID
2022-02-10 04:00:00,0.5,0.58,VALID
2022-02-10 15:00:00,0.5,0.582,VALID
2022-02-11 00:00:00,9.0,0.578,VALID
2022-02-11 01:00:00,22.75,0.577,VALID
2022-02-11 02:00:00,60.5,0.578,VALID
2022-02-11 03:00:00,13.0,0.578,VALID
2022-02-11 04:00:00,93.75,0.575,VALID
2022-02-11 05:00:00,769.5,0.576,VALID
2022-02-11 06:00:00,1412.5,0.577,VALID
2022-02-11 07:00:00,69.0,0.578,VALID
2022-02-11 08:00:00,40.0,0.58,VALID
2022-02-11 09:00:00,170.5,0.581,VALID
2022-02-11 10:00:00,4.0,0.578,VALID
2022-02-11 11:00:00,1.5,0.576,VALID
2022-02-11 12:00:00,2.5,0.575,VALID
2022-02-11 18:00:00,7.75,0.581,VALID
2022-02-11 20:00:00,0.5,0.582,VALID
2022-02-11 23:00:00,5.75,0.579,VALID
2022-03-07 23:00:00,2.0,0.57,VALID
2022-03-08 06:00:00,0.5,0.571,VALID
2022-03-08 07:00:00,1.25,0.568,VALID
2022-03-08 08:00:00,0.5,0.567,VALID
2022-03-08 09:00:00,0.75,0.57,VALID
2022-03-08 10:00:00,0.75,0.574,VALID
2022-03-08 11:00:00,0.5,0.573,VALID
2022-03-08 15:00:00,0.5,0.579,VALID
2022-03-09 00:00:00,0.5,0.572,VALID
2022-03-09 02:00:00,0.5,0.574,VALID
2022-03-09 05:00:00,0.5,0.575,VALID
2022-03-09 09:00:00,0.5,0.576,VALID
2022-03-09 13:00:00,0.5,0.539,VALID
2022-03-09 17:00:00,0.5,0.557,VALID
2022-03-09 21:00:00,0.5,0.575,VALID
2022-03-10 14:00:00,0.5,0.588,VALID
2022-03-11 00:00:00,3.0,0.585,VALID
2022-03-11 01:00:00,0.5,0.605,VALID
2022-03-11 13:00:00,1.0,0.589,VALID
2022-03-11 14:00:00,14.5,0.578,VALID
2022-03-11 15:00:00,5.5,0.625,VALID
2022-03-11 17:00:00,6.833333333333333,0.592,VALID
2022-03-11 18:00:00,6.333333333333333,0.551,VALID
2022-03-11 19:00:00,2.333333333333333,0.566,VALID
2022-03-11 20:00:00,1.5,0.59,VALID
2022-03-11 21:00:00,11.0,0.589,VALID
2022-03-11 22:00:00,10.0,0.578,VALID
2022-03-11 23:00:00,3.5,0.578,VALID
2022-04-07 02:00:00,0.5,0.618,VALID
2022-04-07 03:00:00,0.5,0.617,VALID
2022-04-08 22:00:00,5.5,8.213,VALID
2022-04-08 23:00:00,1.0,8.213,VALID
2022-04-09 00:00:00,0.5,8.21,VALID
2022-04-09 03:00:00,0.5,8.217,VALID
2022-04-09 06:00:00,0.5,0.549,VALID
2022-04-09 10:00:00,1.5,1.148,VALID
2022-04-09 14:00:00,0.5,0.587,VALID
2022-04-09 15:00:00,0.5,0.59,VALID
2022-04-09 16:00:00,1.0,0.58,VALID
2022-04-09 17:00:00,1.0,0.574,VALID
2022-04-09 18:00:00,1.0,0.582,VALID
2022-04-09 19:00:00,1.0,0.572,VALID
2022-04-09 21:00:00,1.0,8.215,VALID
2022-04-09 22:00:00,1.0,8.21,VALID
2022-04-10 04:00:00,0.5,0.578,VALID
2022-04-11 00:00:00,2.0,0.559,VALID
2022-04-11 01:00:00,1.0,0.561,VALID
2022-04-11 03:00:00,1.75,0.563,VALID
2022-04-11 05:00:00,0.5,0.568,VALID
2022-04-11 10:00:00,0.5,0.566,VALID
2022-04-11 11:00:00,2.0,0.558,VALID
2022-04-11 12:00:00,3.0,0.563,VALID
2022-04-11 13:00:00,4.0,0.559,VALID
2022-04-11 14:00:00,2.0,0.57,VALID
2022-04-11 19:00:00,1.0,0.56,VALID
2022-04-12 04:00:00,0.75,0.579,VALID
2022-04-12 05:00:00,2.5,0.646,VALID
2022-04-12 15:00:00,1.5,0.567,VALID
2022-04-12 21:00:00,0.5,0.564,VALID
2022-09-07 17:00:00,6.0,0.005,VALID
2022-09-07 20:00:00,0.5,0.025,VALID
2022-09-07 23:00:00,0.5,0.03,VALID
2022-10-10 18:00:00,0.5,0.145,VALID
2022-10-10 23:00:00,0.5,0.268,VALID
2022-10-11 02:00:00,4.0,0.306,VALID
2022-10-11 03:00:00,1.0,0.313,VALID
2022-10-11 06:00:00,1.5,0.313,VALID
2022-10-11 20:00:00,0.5,0.238,VALID
2022-10-11 21:00:00,0.5,0.226,VALID
2022-10-11 22:00:00,0.5,0.212,VALID
2022-10-12 01:00:00,0.75,0.176,VALID
2022-10-12 15:00:00,0.5,0.016,VALID
2022-11-10 10:00:00,0.5,0.969,VALID
2022-11-10 11:00:00,11.75,0.976,VALID
2022-11-10 21:00:00,0.5,0.977,VALID
2022-11-11 00:00:00,0.5,0.989,VALID
2022-11-11 01:00:00,12.5,0.988,VALID
2022-11-11 02:00:00,7.0,1.003,VALID
2022-11-11 05:00:00,2.0,1.017,VALID
2022-11-11 06:00:00,0.75,1.026,VALID
2022-11-11 07:00:00,5.0,1.039,VALID
2022-11-11 08:00:00,24.0,1.075,VALID
2022-11-11 09:00:00,1.0,1.122,VALID
2022-11-11 10:00:00,3.0,1.155,VALID
2022-11-11 12:00:00,0.5,1.195,VALID
2022-11-11 13:00:00,0.5,1.218,VALID
2022-11-11 14:00:00,0.75,1.235,VALID
2022-11-11 15:00:00,0.5,1.237,VALID
2022-11-11 18:00:00,0.5,1.253,VALID
2022-11-11 22:00:00,1.5,1.254,VALID
2022-11-12 03:00:00,4.5,1.235,VALID
2022-11-12 04:00:00,4.25,1.234,VALID
2022-11-12 06:00:00,1.0,1.28,VALID
2022-11-12 08:00:00,1.5,1.331,VALID
2022-11-12 09:00:00,0.5,1.33,VALID
2022-11-12 22:00:00,2.0,1.408,VALID
2022-12-07 19:00:00,1.25,0.037,VALID
2022-12-07 20:00:00,3.5,0.038,VALID
2022-12-10 03:00:00,0.5,1.354,VALID
2022-12-10 11:00:00,0.5,1.456,VALID
2022-12-11 05:00:00,17.75,1.258,VALID
2022-12-11 06:00:00,9.75,1.255,VALID
2022-12-11 08:00:00,0.5,1.257,VALID
2022-12-11 11:00:00,0.5,1.29,VALID
2022-12-11 13:00:00,7.0,1.293,VALID
2022-12-11 21:00:00,0.5,1.248,VALID
2022-12-12 00:00:00,6.0,1.278,VALID
2022-12-12 01:00:00,0.5,1.287,VALID
2022-12-12 03:00:00,1.25,1.297,VALID
2022-12-12 05:00:00,2.5,1.291,VALID
2022-12-12 06:00:00,1.25,1.285,VALID
2022-12-12 10:00:00,1.25,1.271,VALID
2022-12-12 11:00:00,1.75,1.275,VALID
2022-12-12 12:00:00,7.5,1.283,VALID
2022-12-12 13:00:00,7.75,1.333,VALID
2022-12-12 14:00:00,2.0,1.44,VALID
2022-12-12 15:00:00,4.5,1.572,VALID
2022-12-12 16:00:00,1.0,1.682,VALID
2023-01-02 23:00:00,0.5,0.06,VALID
2023-01-05 04:00:00,7.5,0.06,VALID
2023-01-05 05:00:00,0.5,0.053,VALID
2023-01-05 07:00:00,1.0,0.045,VALID
2023-01-05 08:00:00,1.0,0.044,VALID
2023-01-05 09:00:00,0.5,0.068,VALID
2023-01-05 10:00:00,0.5,0.085,VALID
2023-01-05 11:00:00,4.25,0.104,VALID
2023-01-05 12:00:00,0.5,0.084,VALID
2023-01-05 13:00:00,0.5,0.072,VALID
2023-01-05 14:00:00,0.5,0.052,VALID
2023-01-05 15:00:00,0.5,0.042,VALID
2023-01-05 16:00:00,0.5,0.048,VALID
2023-01-05 18:00:00,0.5,0.034,VALID
2023-01-05 20:00:00,0.5,0.066,VALID
2023-01-05 21:00:00,0.5,0.079,VALID
2023-01-05 22:00:00,0.5,0.071,VALID
2023-01-05 23:00:00,1.0,0.067,VALID
2023-01-07 20:00:00,4.0,0.068,VALID
2023-01-11 13:00:00,0.5,0.064,VALID
2023-01-11 14:00:00,2.5,0.06,VALID
2023-01-11 17:00:00,1.0,0.059,VALID
2023-01-12 01:00:00,2.5,0.053,VALID
2023-01-12 02:00:00,0.5,0.061,VALID
2023-02-02 00:00:00,1.0,0.084,VALID
2023-02-05 00:00:00,2.0,0.066,VALID
2023-02-05 01:00:00,2.0,0.063,VALID
2023-02-05 02:00:00,0.5,0.062,VALID
2023-02-05 03:00:00,2.25,0.066,VALID
2023-02-05 04:00:00,12.0,0.067,VALID
2023-02-05 05:00:00,2.833333333333333,0.071,VALID
2023-02-05 06:00:00,0.5,0.071,VALID
2023-02-05 07:00:00,0.5,0.088,VALID
2023-02-05 08:00:00,0.5,0.098,VALID
2023-02-05 10:00:00,0.5,0.084,VALID
2023-02-05 11:00:00,0.5,0.081,VALID
2023-02-05 12:00:00,1.25,0.068,VALID
2023-02-05 13:00:00,1.5,0.173,VALID
2023-02-05 14:00:00,0.75,0.08,VALID
2023-02-05 15:00:00,0.5,0.085,VALID
2023-02-05 16:00:00,0.5,0.079,VALID
2023-02-05 17:00:00,0.5,0.08,VALID
2023-02-05 18:00:00,0.5,0.06,VALID
2023-02-05 20:00:00,0.5,0.092,VALID
2023-02-05 23:00:00,0.5,0.086,VALID
2023-02-09 19:00:00,9.0,0.09,VALID
2023-02-09 20:00:00,0.5,0.088,VALID
2023-02-11 01:00:00,1.0,0.093,VALID
2023-02-11 10:00:00,1.0,0.088,VALID
2023-02-11 11:00:00,1.5,0.09,VALID
2023-02-12 07:00:00,2.0,0.047,VALID
2023-02-12 09:00:00,0.5,0.049,VALID
2023-02-12 10:00:00,1.0,0.048,VALID
2023-02-12 12:00:00,1.0,0.043,VALID
2023-02-12 17:00:00,4.0,0.09,VALID
2023-02-12 19:00:00,12.5,0.004,VALID
2023-02-12 20:00:00,6.75,0.023,VALID
2023-02-12 21:00:00,0.5,0.067,VALID
2023-02-12 22:00:00,0.75,0.088,VALID
2023-03-05 01:00:00,0.5,0.152,VALID
2023-03-05 02:00:00,0.5,0.133,VALID
2023-03-05 04:00:00,0.5,0.145,VALID
2023-03-05 11:00:00,0.5,0.152,VALID
2023-03-05 14:00:00,0.5,0.12,VALID
2023-03-05 21:00:00,0.5,0.085,VALID
2023-03-07 00:00:00,3.0,0.087,VALID
2023-03-07 01:00:00,0.5,0.087,VALID
2023-03-07 02:00:00,0.5,0.081,VALID
2023-03-07 04:00:00,0.5,0.095,VALID
2023-03-07 06:00:00,0.5,0.098,VALID
2023-03-07 09:00:00,0.5,0.103,VALID
2023-03-09 17:00:00,11.333333333333334,7.643,VALID
2023-03-09 18:00:00,3.333333333333333,7.647,VALID
2023-03-09 19:00:00,3.5,7.652,VALID
2023-03-09 20:00:00,0.5,7.648,VALID
2023-03-09 21:00:00,4.75,7.65,VALID
2023-03-10 23:00:00,1.0,0.034,VALID
2023-03-11 02:00:00,3.0,0.024,VALID
2023-03-11 03:00:00,1.0,0.027,VALID
2023-03-11 04:00:00,4.25,0.033,VALID
2023-03-11 09:00:00,0.5,0.05,VALID
2023-03-11 10:00:00,6.5,0.032,VALID
2023-03-11 11:00:00,6.0,0.024,VALID
2023-03-11 12:00:00,7.5,0.037,VALID
2023-03-11 13:00:00,2.0,0.022,VALID
2023-03-11 14:00:00,0.5,0.021,VALID
2023-03-11 15:00:00,0.5,0.027,VALID
2023-03-11 16:00:00,2.0,0.058,VALID
2023-03-12 00:00:00,3.5,0.04,VALID
2023-03-12 01:00:00,3.0,0.027,VALID
2023-03-12 02:00:00,8.5,0.03,VALID
2023-03-12 03:00:00,3.0,0.031,VALID
2023-03-12 04:00:00,3.75,0.061,VALID
2023-03-12 05:00:00,1.5,0.043,VALID
2023-03-12 06:00:00,3.5,0.029,VALID
2023-03-12 08:00:00,0.5,0.045,VALID
2023-03-12 09:00:00,0.5,0.062,VALID
2023-03-12 10:00:00,2.5,0.147,VALID
2023-03-12 12:00:00,2.0,0.159,VALID
2023-03-12 13:00:00,0.5,0.166,VALID
2023-03-12 14:00:00,0.5,0.093,VALID
2023-03-12 15:00:00,5.75,0.101,VALID
2023-03-12 16:00:00,3.25,0.098,VALID
2023-03-12 17:00:00,2.5,0.1,VALID
2023-03-12 19:00:00,1.0,0.009,VALID
2023-03-12 20:00:00,4.5,0.024,VALID
2023-03-12 21:00:00,4.25,0.055,VALID
2023-03-12 22:00:00,6.75,0.051,VALID
2023-03-12 23:00:00,8.5,0.071,VALID
2023-04-05 14:00:00,0.5,0.006,VALID
2023-04-08 00:00:00,1.0,0.003,VALID
2023-06-06 17:00:00,0.5,0.002,VALID
2023-06-06 21:00:00,0.5,0.006,VALID
2023-07-05 07:00:00,0.5,0.003,VALID
2023-12-05 22:00:00,0.5,9.879,VALID
2023-12-06 00:00:00,0.5,10.028,VALID
2023-12-08 14:00:00,3.5,10.06,VALID
2023-12-08 15:00:00,1.3333333333333333,10.059,VALID
2023-12-08 17:00:00,0.5,10.06,VALID
2023-12-08 18:00:00,0.5,10.06,VALID
2023-12-08 19:00:00,1.0,10.06,VALID
2023-12-12 14:00:00,0.5,10.055,VALID
2023-12-12 15:00:00,1.0,10.055,VALID
2023-12-12 16:00:00,4.5,10.058,VALID
2023-12-12 17:00:00,43.0,10.057,VALID
2023-12-12 18:00:00,6.5,10.052,VALID
2023-12-12 19:00:00,1.5,10.049,VALID
2023-12-12 20:00:00,1.0,10.048,VALID
2023-12-12 22:00:00,2.5,10.055,VALID
2023-12-12 23:00:00,0.5,10.053,VALID
2024-01-09 14:00:00,1.5,10.062,VALID
2024-01-11 01:00:00,9.5,10.062,VALID
2024-01-11 15:00:00,3.0,10.064,VALID
2024-01-12 00:00:00,0.5,10.064,VALID
2024-01-12 13:00:00,0.5,10.065,VALID
2024-01-12 14:00:00,1.5,10.064,VALID
2024-01-12 19:00:00,1.0,10.063,VALID
2024-01-12 22:00:00,0.5,10.064,VALID
2024-01-12 23:00:00,0.5,10.064,VALID
2024-02-06 00:00:00,1.5,10.065,VALID
2024-02-06 01:00:00,0.5,10.064,VALID
2024-02-08 22:00:00,1.0,10.064,VALID
2024-02-08 23:00:00,0.5,10.064,VALID
2024-02-10 23:00:00,0.5,10.065,VALID
2024-02-11 04:00:00,1.5,10.064,VALID
2024-02-11 08:00:00,1.0,10.064,VALID
2024-02-11 09:00:00,0.5,10.064,VALID
2024-02-12 00:00:00,0.5,10.065,VALID
2024-02-12 02:00:00,0.5,10.064,VALID
2024-02-12 09:00:00,1.0,10.064,VALID
2024-02-12 13:00:00,3.5,10.064,VALID
2024-03-01 11:00:00,1.0,10.065,VALID
2024-03-07 22:00:00,34.0,10.065,VALID
2024-03-08 23:00:00,13.5,10.065,VALID
2024-03-09 01:00:00,9.5,10.064,VALID
2024-03-09 02:00:00,17.5,10.065,VALID
2024-03-09 07:00:00,0.5,10.063,VALID
2024-03-09 08:00:00,0.5,10.064,VALID
2024-03-09 21:00:00,1.5,10.065,VALID
2024-03-09 22:00:00,2.0,10.064,VALID
2024-03-09 23:00:00,1.25,10.064,VALID
2024-03-10 16:00:00,3.1666666666666665,10.064,VALID
2024-03-10 17:00:00,0.5,10.064,VALID
2024-03-11 05:00:00,6.0,10.064,VALID
2024-03-11 06:00:00,7.0,10.065,VALID
2024-03-11 07:00:00,0.5,10.065,VALID
2024-04-01 00:00:00,0.5,10.064,VALID
2024-04-01 01:00:00,0.5,10.064,VALID
2024-04-01 06:00:00,0.5,10.064,VALID
2024-04-01 16:00:00,0.75,10.064,VALID
2024-04-01 17:00:00,2.25,10.064,VALID
2024-04-06 19:00:00,5.0,10.064,VALID
2024-04-06 20:00:00,0.5,10.064,VALID
2024-04-07 00:00:00,1.75,10.064,VALID
2024-04-08 00:00:00,2.0,10.064,VALID
2024-04-08 01:00:00,0.75,10.064,VALID
2024-04-08 18:00:00,14.5,10.065,VALID
2024-04-08 19:00:00,3.5,10.064,VALID
2024-04-08 21:00:00,0.5,10.064,VALID
2024-04-11 05:00:00,0.5,10.065,VALID
2024-04-11 06:00:00,3.75,10.065,VALID
2024-04-11 07:00:00,0.5,10.065,VALID
2024-04-12 08:00:00,0.5,10.064,VALID
2024-04-12 20:00:00,0.75,10.064,VALID
2024-04-12 21:00:00,1.25,10.065,VALID
2024-04-12 23:00:00,1.5,10.064,VALID
2024-05-01 07:00:00,0.5,10.065,VALID
2024-05-01 12:00:00,17.5,10.065,VALID
2024-05-01 16:00:00,0.5,10.065,VALID
2024-05-06 16:00:00,28.0,10.064,VALID
2024-05-06 17:00:00,5.25,10.064,VALID
2024-05-06 19:00:00,0.5,10.065,VALID
2024-05-06 22:00:00,0.5,10.065,VALID
2024-05-07 23:00:00,6.25,10.064,VALID
2024-05-08 01:00:00,2.0,10.064,VALID
2024-05-08 02:00:00,7.0,10.065,VALID
2024-05-08 03:00:00,5.5,10.064,VALID
2024-05-08 04:00:00,16.25,10.064,VALID
2024-05-08 05:00:00,12.5,10.064,VALID
2024-05-08 06:00:00,10.75,10.064,VALID
2024-05-08 07:00:00,3.25,10.064,VALID
2024-05-08 08:00:00,1.5,10.064,VALID
2024-05-12 04:00:00,3.5,10.064,VALID
2024-06-01 11:00:00,0.5,10.064,VALID
2024-06-01 12:00:00,0.5,10.064,VALID
2024-06-06 20:00:00,14.0,10.062,VALID
2024-06-06 21:00:00,8.25,10.063,VALID
2024-06-06 22:00:00,2.0,10.061,VALID
2024-06-06 23:00:00,2.5,10.064,VALID
2024-06-07 00:00:00,22.75,10.062,VALID
2024-06-07 01:00:00,3.75,10.064,VALID
2024-06-07 02:00:00,0.5,10.062,VALID
2024-06-07 03:00:00,0.5,10.063,VALID
2024-06-08 20:00:00,14.5,10.064,VALID
2024-06-08 21:00:00,9.75,10.065,VALID
2024-06-08 22:00:00,1.5,10.064,VALID
2024-06-09 00:00:00,0.5,10.066,VALID
2024-06-09 02:00:00,1.0,10.065,VALID
2024-06-09 03:00:00,0.5,10.066,VALID
2024-06-09 04:00:00,2.0,10.065,VALID
2024-06-09 06:00:00,1.0,10.063,VALID
2024-06-09 07:00:00,0.75,10.063,VALID
2024-06-11 15:00:00,1.0,10.064,VALID
2024-06-11 21:00:00,2.0,10.064,VALID
2024-06-11 22:00:00,6.25,10.063,VALID
2024-07-01 06:00:00,3.0,10.063,VALID
2024-07-01 09:00:00,0.5,10.065,VALID
2024-07-01 10:00:00,5.75,10.06,VALID
2024-07-01 11:00:00,0.5,10.064,VALID
2024-07-01 12:00:00,2.0,10.064,VALID
2024-07-01 14:00:00,1.0,10.065,VALID
2024-07-01 15:00:00,2.75,10.066,VALID
2024-07-01 16:00:00,0.5,10.064,VALID
2024-07-01 18:00:00,2.0,10.065,VALID
2024-07-01 19:00:00,10.0,10.063,VALID
2024-07-01 20:00:00,5.25,10.065,VALID
2024-07-01 21:00:00,1.75,10.064,VALID
2024-07-01 22:00:00,0.5,10.063,VALID
2024-07-06 00:00:00,0.75,10.065,VALID
2024-07-06 02:00:00,0.75,10.064,VALID
2024-07-06 03:00:00,2.5,10.065,VALID
2024-07-06 07:00:00,0.5,10.064,VALID
2024-07-07 18:00:00,6.25,10.064,VALID
2024-07-07 21:00:00,1.0,10.064,VALID
2024-07-07 22:00:00,0.5,10.065,VALID
2024-07-07 23:00:00,0.5,10.065,VALID
2024-07-08 03:00:00,2.0,10.065,VALID
2024-07-08 04:00:00,1.5,10.064,VALID
2024-07-09 03:00:00,6.75,10.065,VALID
2024-07-09 04:00:00,0.5,10.064,VALID
2024-07-10 22:00:00,0.5,10.064,VALID
2024-07-11 00:00:00,0.5,10.065,VALID
2024-07-11 01:00:00,1.5,10.064,VALID
2024-07-11 02:00:00,3.0,10.065,VALID
2024-07-11 03:00:00,6.75,10.065,VALID
2024-07-11 04:00:00,5.0,10.064,VALID
2024-07-11 07:00:00,1.0,10.064,VALID
2024-07-11 08:00:00,3.0,10.065,VALID
2024-07-11 10:00:00,1.25,10.064,VALID
2024-07-11 11:00:00,0.6666666666666666,10.064,VALID
2024-07-11 12:00:00,3.25,10.065,VALID
2024-07-11 13:00:00,1.3333333333333333,10.064,VALID
2024-07-11 14:00:00,2.0,10.064,VALID
2024-08-01 00:00:00,0.5,10.065,VALID
2024-08-01 01:00:00,7.5,10.064,VALID
2024-08-01 02:00:00,1.5,10.065,VALID
2024-08-01 03:00:00,2.75,10.065,VALID
2024-08-01 04:00:00,2.75,10.065,VALID
2024-08-01 06:00:00,0.5,10.065,VALID
2024-08-01 07:00:00,1.0,10.064,VALID
2024-08-01 08:00:00,13.75,10.064,VALID
2024-08-01 09:00:00,2.75,10.064,VALID
2024-08-01 10:00:00,1.0,10.065,VALID
2024-08-01 11:00:00,0.5,10.064,VALID
2024-08-05 05:00:00,5.5,10.064,VALID
2024-08-06 00:00:00,2.0,10.065,VALID
2024-08-06 17:00:00,0.5,10.065,VALID
2024-08-07 02:00:00,0.5,10.064,VALID
2024-08-07 03:00:00,0.5,10.064,VALID
2024-08-08 04:00:00,0.5,10.065,VALID
2024-08-08 15:00:00,1.5,10.064,VALID
2024-08-08 16:00:00,0.5,10.065,VALID
2024-08-10 02:00:00,1.0,10.064,VALID
2024-08-10 06:00:00,25.5,10.064,VALID
2024-09-01 00:00:00,12.5,10.065,VALID
2024-09-01 01:00:00,26.0,10.065,VALID
2024-09-01 02:00:00,0.5,10.065,VALID
2024-09-01 03:00:00,5.5,10.065,VALID
2024-09-07 05:00:00,0.5,10.065,VALID
2024-09-07 07:00:00,0.5,10.065,VALID
2024-09-08 14:00:00,1.0,10.065,VALID
2024-09-10 02:00:00,0.5,10.065,VALID
2024-09-10 04:00:00,0.5,10.064,VALID
2024-09-10 06:00:00,2.0,10.065,VALID
2024-09-10 07:00:00,0.5,10.065,VALID
2024-09-10 10:00:00,4.75,10.064,VALID
2024-10-01 11:00:00,26.0,10.066,VALID
2024-10-01 12:00:00,2.0,10.064,VALID
2024-10-06 18:00:00,9.75,10.065,VALID
2024-10-06 19:00:00,0.5,10.065,VALID
2024-10-06 20:00:00,0.5,10.065,VALID
2024-10-10 03:00:00,0.5,10.065,VALID
2024-10-10 04:00:00,12.0,10.064,VALID
2024-10-10 05:00:00,4.0,10.064,VALID
2024-10-10 06:00:00,4.5,10.065,VALID
2024-10-10 07:00:00,0.5,10.065,VALID
2024-10-10 10:00:00,0.5,10.064,VALID
2024-10-10 11:00:00,0.5,10.064,VALID
2024-11-06 20:00:00,0.5,10.064,VALID
2024-11-06 21:00:00,4.666666666666667,10.064,VALID
2024-11-06 22:00:00,8.166666666666666,10.064,VALID
2024-11-07 01:00:00,3.5,10.065,VALID
2024-11-07 04:00:00,0.5,10.065,VALID
2024-11-07 05:00:00,1.0,10.064,VALID
2024-11-07 06:00:00,1.25,10.064,VALID
2024-11-07 07:00:00,0.5,10.065,VALID
2024-11-10 04:00:00,0.5,10.064,VALID
2024-11-10 08:00:00,0.5,10.064,VALID
2024-11-10 09:00:00,0.5,10.064,VALID
2024-11-12 09:00:00,10.5,10.065,VALID
2024-11-12 10:00:00,8.5,10.064,VALID
2024-11-12 12:00:00,0.5,10.065,VALID
2024-11-12 13:00:00,11.5,10.064,VALID
2024-11-12 14:00:00,0.5,10.064,VALID
2024-11-12 15:00:00,1.6666666666666667,10.064,VALID
2024-11-12 16:00:00,0.75,10.065,VALID
2024-11-12 18:00:00,6.0,10.065,VALID
2024-11-12 20:00:00,0.5,10.064,VALID
2024-11-12 22:00:00,2.1666666666666665,10.064,VALID
2024-11-12 23:00:00,1.3333333333333333,10.065,VALID
2024-12-06 00:00:00,0.5,10.058,VALID
2024-12-06 02:00:00,0.5,10.054,VALID
2024-12-06 03:00:00,0.5,10.048,VALID
2024-12-06 23:00:00,3.5,10.054,VALID
2024-12-07 21:00:00,1.5,10.054,VALID
2024-12-07 22:00:00,14.5,10.055,VALID
2024-12-07 23:00:00,2.75,10.052,VALID
2024-12-08 06:00:00,7.0,10.053,VALID
2024-12-08 09:00:00,0.5,10.054,VALID
2024-12-10 02:00:00,5.5,10.061,VALID
2024-12-10 06:00:00,12.75,10.058,VALID
2024-12-10 07:00:00,3.0,10.057,VALID
2024-12-10 08:00:00,1.0,10.055,VALID
2024-12-11 00:00:00,0.5,10.062,VALID
2024-12-11 01:00:00,1.0,10.061,VALID
2024-12-11 02:00:00,2.0,10.062,VALID
2024-12-11 03:00:00,1.0,10.062,VALID
2024-12-11 04:00:00,4.5,10.061,VALID
2024-12-11 05:00:00,8.333333333333334,10.062,VALID
2024-12-11 06:00:00,4.833333333333333,10.062,VALID
2024-12-11 07:00:00,3.25,10.061,VALID
2024-12-11 08:00:00,2.5,10.061,VALID
2024-12-11 09:00:00,5.166666666666667,10.061,VALID
2024-12-11 10:00:00,4.0,10.06,VALID
2024-12-11 11:00:00,2.0,10.061,VALID
2024-12-11 12:00:00,1.25,10.061,VALID
2024-12-11 18:00:00,1.5,10.06,VALID
2024-12-11 20:00:00,1.0,10.056,VALID
2024-12-12 00:00:00,0.5,10.051,VALID
2024-12-12 02:00:00,10.0,10.055,VALID
2024-12-12 03:00:00,3.5,10.057,VALID
2024-12-12 04:00:00,0.5,10.06,VALID
2024-12-12 05:00:00,0.5,10.062,VALID
2024-12-12 06:00:00,11.75,10.061,VALID
2024-12-12 07:00:00,2.0,10.061,VALID
2024-12-12 08:00:00,2.5,10.06,VALID
2024-12-12 09:00:00,2.25,10.061,VALID
2024-12-12 10:00:00,2.5,10.062,VALID
2024-12-12 11:00:00,4.5,10.061,VALID
2024-12-12 12:00:00,29.0,10.06,VALID
2024-12-12 13:00:00,5.5,10.056,VALID
2024-12-12 17:00:00,1.75,10.062,VALID
2024-12-12 18:00:00,0.5,10.062,VALID
2024-12-12 19:00:00,1.8333333333333333,10.062,VALID
2024-12-12 21:00:00,0.5,10.062,VALID
2025-01-09 00:00:00,3.1666666666666665,10.064,VALID
2025-01-09 01:00:00,1.0,10.065,VALID
2025-01-09 02:00:00,0.75,10.064,VALID
2025-01-12 00:00:00,0.5,10.064,VALID
2025-01-12 01:00:00,0.5,10.063,VALID
2025-01-12 02:00:00,1.5,10.064,VALID
2025-01-12 03:00:00,0.75,10.064,VALID
2025-01-12 04:00:00,0.5,10.064,VALID
2025-01-12 05:00:00,0.75,10.064,VALID
2025-01-12 06:00:00,0.5,10.064,VALID
2025-01-12 07:00:00,0.5,10.064,VALID
2025-01-12 08:00:00,1.5,10.064,VALID
2025-01-12 09:00:00,13.75,10.064,VALID
2025-01-12 10:00:00,7.25,10.064,VALID
2025-01-12 11:00:00,10.5,10.065,VALID
2025-01-12 12:00:00,14.25,10.065,VALID
2025-01-12 13:00:00,5.0,10.064,VALID
2025-01-12 14:00:00,8.0,10.065,VALID
2025-01-12 15:00:00,12.5,10.064,VALID
2025-01-12 16:00:00,11.0,10.065,VALID
2025-01-12 17:00:00,0.5,10.065,VALID
2025-01-12 19:00:00,1.25,10.064,VALID
2025-01-12 20:00:00,18.75,10.064,VALID
2025-01-12 21:00:00,1.25,10.064,VALID
2025-01-12 22:00:00,0.5,10.063,VALID
2025-01-12 23:00:00,1.5,10.064,VALID
2025-02-09 22:00:00,0.5,10.064,VALID
2025-02-09 23:00:00,1.5,10.065,VALID
2025-02-10 03:00:00,0.5,10.064,VALID
2025-02-11 17:00:00,1.0,10.064,VALID
2025-02-12 00:00:00,3.25,10.064,VALID
2025-02-12 01:00:00,2.25,10.064,VALID
2025-02-12 02:00:00,7.25,10.064,VALID
2025-02-12 03:00:00,16.5,10.064,VALID
2025-02-12 04:00:00,10.25,10.064,VALID
2025-02-12 05:00:00,0.5,10.065,VALID
2025-02-12 06:00:00,0.5,10.064,VALID
2025-02-12 07:00:00,0.5,10.064,VALID
2025-02-12 08:00:00,1.0,10.064,VALID
2025-02-12 09:00:00,0.5,10.065,VALID
2025-02-12 10:00:00,5.0,10.065,VALID
2025-02-12 11:00:00,3.75,10.064,VALID
2025-02-12 12:00:00,3.25,10.064,VALID
2025-02-12 14:00:00,0.5,10.064,VALID
2025-02-12 15:00:00,1.25,10.064,VALID
2025-02-12 18:00:00,0.5,10.064,VALID
2025-02-12 19:00:00,1.5,10.065,VALID
2025-02-12 20:00:00,1.5,10.065,VALID
2025-02-12 21:00:00,1.0,10.064,VALID
2025-02-12 23:00:00,0.5,10.065,VALID
2025-03-06 20:00:00,6.5,10.065,VALID
2025-03-10 00:00:00,1.75,10.065,VALID
2025-03-10 02:00:00,11.166666666666666,10.065,VALID
2025-03-10 03:00:00,2.5,10.064,VALID
2025-03-10 04:00:00,1.5,10.065,VALID
2025-03-10 06:00:00,0.5,10.063,VALID
2025-03-10 07:00:00,0.5,10.065,VALID
2025-03-12 00:00:00,0.5,10.062,VALID
2025-03-12 01:00:00,0.5,10.062,VALID
2025-03-12 02:00:00,1.25,10.061,VALID
2025-03-12 03:00:00,1.25,10.06,VALID
2025-03-12 04:00:00,7.25,10.06,VALID
2025-03-12 05:00:00,1.0,10.059,VALID
2025-03-12 06:00:00,1.0,10.059,VALID
2025-03-12 07:00:00,0.75,10.057,VALID
2025-03-12 08:00:00,1.5,10.058,VALID
2025-03-12 09:00:00,0.75,10.06,VALID
2025-03-12 10:00:00,4.0,10.061,VALID
2025-03-12 11:00:00,0.5,10.063,VALID
2025-03-12 13:00:00,1.0,10.063,VALID
2025-03-12 15:00:00,0.5,10.064,VALID
2025-03-12 16:00:00,0.5,10.064,VALID
2025-03-12 17:00:00,0.5,10.064,VALID
2025-03-12 18:00:00,4.0,10.064,VALID
2025-03-12 19:00:00,0.75,10.064,VALID
2025-03-12 20:00:00,1.5,10.064,VALID
2025-03-12 21:00:00,1.25,10.064,VALID
2025-03-12 22:00:00,0.5,10.064,VALID
2025-03-12 23:00:00,0.5,10.063,VALID
2025-04-05 20:00:00,0.5,10.065,VALID
2025-04-09 01:00:00,0.5,10.065,VALID
2025-04-10 03:00:00,0.5,10.064,VALID
2025-04-11 18:00:00,13.5,10.064,VALID
2025-04-11 19:00:00,2.0,10.064,VALID
2025-04-12 00:00:00,0.5,10.065,VALID
2025-04-12 01:00:00,0.5,10.064,VALID
2025-04-12 07:00:00,0.5,10.064,VALID
2025-04-12 08:00:00,0.5,10.065,VALID
2025-04-12 10:00:00,0.5,10.065,VALID
2025-04-12 12:00:00,4.5,10.064,VALID
2025-04-12 13:00:00,6.5,10.065,VALID
2025-04-12 14:00:00,0.5,10.064,VALID
2025-04-12 18:00:00,0.5,10.064,VALID
2025-04-12 23:00:00,0.5,10.064,VALID
2025-05-01 10:00:00,0.5,10.065,VALID
2025-05-09 00:00:00,0.5,10.064,VALID
2025-05-09 02:00:00,3.0,10.065,VALID
2025-05-09 03:00:00,5.5,10.064,VALID
2025-05-09 04:00:00,0.5,10.064,VALID
2025-05-09 07:00:00,0.5,10.064,VALID
2025-05-10 15:00:00,4.0,10.064,VALID
2025-05-11 14:00:00,0.5,10.065,VALID
2025-05-11 21:00:00,4.166666666666667,10.064,VALID
2025-05-12 01:00:00,1.0,10.064,VALID
2025-05-12 02:00:00,0.5,10.065,VALID
2025-05-12 03:00:00,1.5,10.064,VALID
2025-05-12 05:00:00,1.25,10.064,VALID
2025-05-12 06:00:00,1.5,10.064,VALID
2025-05-12 08:00:00,1.5,10.064,VALID
2025-05-12 09:00:00,1.0,10.064,VALID
2025-05-12 10:00:00,1.0,10.065,VALID
2025-05-12 11:00:00,1.0,10.064,VALID
2025-05-12 12:00:00,1.5,10.064,VALID
2025-05-12 13:00:00,2.5,10.064,VALID
2025-05-12 14:00:00,10.5,10.065,VALID
2025-05-12 15:00:00,10.0,10.065,VALID
2025-05-12 16:00:00,7.0,10.065,VALID
2025-05-12 17:00:00,2.5,10.065,VALID
2025-10-01 17:00:00,0.5,3.275,VALID
2025-11-01 13:00:00,0.5,3.25,VALID
2025-11-03 09:00:00,1.0,3.25,VALID
2025-11-03 10:00:00,0.5,3.25,VALID
2025-11-03 13:00:00,12.5,3.25,VALID
2025-11-03 14:00:00,1.5,3.25,VALID
2025-11-03 15:00:00,1.5,3.25,VALID
2025-11-03 16:00:00,0.5,3.25,VALID
2025-11-03 21:00:00,6.25,3.25,VALID
2025-11-03 23:00:00,389.0,3.25,VALID
2025-11-08 03:00:00,0.5,3.25,VALID
2025-11-08 14:00:00,1.5,3.25,VALID
2025-11-08 19:00:00,7.0,3.25,VALID
2025-11-08 20:00:00,0.5,3.25,VALID
2025-12-01 23:00:00,1.5,3.25,VALID
2025-12-03 00:00:00,259.5,3.25,VALID
2025-12-05 18:00:00,2.5,3.25,VALID
2025-12-08 07:00:00,0.5,3.25,VALID
2025-12-08 08:00:00,0.5,3.25,VALID
