grid_id,min_lat,max_lat,min_lon,max_lon,center_lat,center_lon
1,12.8182052,12.8282052,80.1230553,80.13305530000001,12.8232052,80.1280553
2,12.8182052,12.8282052,80.13305530000001,80.1430553,12.8232052,80.1380553
3,12.8182052,12.8282052,80.1430553,80.1530553,12.8232052,80.14805530000001
4,12.8182052,12.8282052,80.1530553,80.16305530000001,12.8232052,80.1580553
5,12.8182052,12.8282052,80.16305530000001,80.1730553,12.8232052,80.1680553
6,12.8182052,12.8282052,80.1730553,80.1830553,12.8232052,80.17805530000001
7,12.8182052,12.8282052,80.1830553,80.1930553,12.8232052,80.1880553
8,12.8182052,12.8282052,80.1930553,80.2030553,12.8232052,80.19805530000001
9,12.8182052,12.8282052,80.2030553,80.21305530000001,12.8232052,80.2080553
10,12.8182052,12.8282052,80.21305530000001,80.2230553,12.8232052,80.2180553
11,12.8182052,12.8282052,80.2230553,80.2330553,12.8232052,80.22805530000001
12,12.8182052,12.8282052,80.2330553,80.24305530000001,12.8232052,80.2380553
13,12.8182052,12.8282052,80.24305530000001,80.2530553,12.8232052,80.2480553
14,12.8182052,12.8282052,80.2530553,80.2630553,12.8232052,80.25805530000001
15,12.8182052,12.8282052,80.2630553,80.27305530000001,12.8232052,80.2680553
16,12.8182052,12.8282052,80.27305530000001,80.2830553,12.8232052,80.2780553
17,12.8182052,12.8282052,80.2830553,80.2930553,12.8232052,80.28805530000001
18,12.8182052,12.8282052,80.2930553,80.30305530000001,12.8232052,80.2980553
19,12.8182052,12.8282052,80.30305530000001,80.3130553,12.8232052,80.3080553
20,12.8182052,12.8282052,80.3130553,80.32305530000001,12.8232052,80.3180553
21,12.8182052,12.8282052,80.32305530000001,80.328671,12.8232052,80.3280553
22,12.8282052,12.838205199999999,80.1230553,80.13305530000001,12.8332052,80.1280553
23,12.8282052,12.838205199999999,80.13305530000001,80.1430553,12.8332052,80.1380553
24,12.8282052,12.838205199999999,80.1430553,80.1530553,12.8332052,80.14805530000001
25,12.8282052,12.838205199999999,80.1530553,80.16305530000001,12.8332052,80.1580553
26,12.8282052,12.838205199999999,80.16305530000001,80.1730553,12.8332052,80.1680553
27,12.8282052,12.838205199999999,80.1730553,80.1830553,12.8332052,80.17805530000001
28,12.8282052,12.838205199999999,80.1830553,80.1930553,12.8332052,80.1880553
29,12.8282052,12.838205199999999,80.1930553,80.2030553,12.8332052,80.19805530000001
30,12.8282052,12.838205199999999,80.2030553,80.21305530000001,12.8332052,80.2080553
31,12.8282052,12.838205199999999,80.21305530000001,80.2230553,12.8332052,80.2180553
32,12.8282052,12.838205199999999,80.2230553,80.2330553,12.8332052,80.22805530000001
33,12.8282052,12.838205199999999,80.2330553,80.24305530000001,12.8332052,80.2380553
34,12.8282052,12.838205199999999,80.24305530000001,80.2530553,12.8332052,80.2480553
35,12.8282052,12.838205199999999,80.2530553,80.2630553,12.8332052,80.25805530000001
36,12.8282052,12.838205199999999,80.2630553,80.27305530000001,12.8332052,80.2680553
37,12.8282052,12.838205199999999,80.27305530000001,80.2830553,12.8332052,80.2780553
38,12.8282052,12.838205199999999,80.2830553,80.2930553,12.8332052,80.28805530000001
39,12.8282052,12.838205199999999,80.2930553,80.30305530000001,12.8332052,80.2980553
40,12.8282052,12.838205199999999,80.30305530000001,80.3130553,12.8332052,80.3080553
41,12.8282052,12.838205199999999,80.3130553,80.32305530000001,12.8332052,80.3180553
42,12.8282052,12.838205199999999,80.32305530000001,80.328671,12.8332052,80.3280553
43,12.838205199999999,12.848205199999999,80.1230553,80.13305530000001,12.8432052,80.1280553
44,12.838205199999999,12.848205199999999,80.13305530000001,80.1430553,12.8432052,80.1380553
45,12.838205199999999,12.848205199999999,80.1430553,80.1530553,12.8432052,80.14805530000001
46,12.838205199999999,12.848205199999999,80.1530553,80.16305530000001,12.8432052,80.1580553
47,12.838205199999999,12.848205199999999,80.16305530000001,80.1730553,12.8432052,80.1680553
48,12.838205199999999,12.848205199999999,80.1730553,80.1830553,12.8432052,80.17805530000001
49,12.838205199999999,12.848205199999999,80.1830553,80.1930553,12.8432052,80.1880553
50,12.838205199999999,12.848205199999999,80.1930553,80.2030553,12.8432052,80.19805530000001
51,12.838205199999999,12.848205199999999,80.2030553,80.21305530000001,12.8432052,80.2080553
52,12.838205199999999,12.848205199999999,80.21305530000001,80.2230553,12.8432052,80.2180553
53,12.838205199999999,12.848205199999999,80.2230553,80.2330553,12.8432052,80.22805530000001
54,12.838205199999999,12.848205199999999,80.2330553,80.24305530000001,12.8432052,80.2380553
55,12.838205199999999,12.848205199999999,80.24305530000001,80.2530553,12.8432052,80.2480553
56,12.838205199999999,12.848205199999999,80.2530553,80.2630553,12.8432052,80.25805530000001
57,12.838205199999999,12.848205199999999,80.2630553,80.27305530000001,12.8432052,80.2680553
58,12.838205199999999,12.848205199999999,80.27305530000001,80.2830553,12.8432052,80.2780553
59,12.838205199999999,12.848205199999999,80.2830553,80.2930553,12.8432052,80.28805530000001
60,12.838205199999999,12.848205199999999,80.2930553,80.30305530000001,12.8432052,80.2980553
61,12.838205199999999,12.848205199999999,80.30305530000001,80.3130553,12.8432052,80.3080553
62,12.838205199999999,12.848205199999999,80.3130553,80.32305530000001,12.8432052,80.3180553
63,12.838205199999999,12.848205199999999,80.32305530000001,80.328671,12.8432052,80.3280553
64,12.848205199999999,12.858205199999999,80.1230553,80.13305530000001,12.8532052,80.1280553
65,12.848205199999999,12.858205199999999,80.13305530000001,80.1430553,12.8532052,80.1380553
66,12.848205199999999,12.858205199999999,80.1430553,80.1530553,12.8532052,80.14805530000001
67,12.848205199999999,12.858205199999999,80.1530553,80.16305530000001,12.8532052,80.1580553
68,12.848205199999999,12.858205199999999,80.16305530000001,80.1730553,12.8532052,80.1680553
69,12.848205199999999,12.858205199999999,80.1730553,80.1830553,12.8532052,80.17805530000001
70,12.848205199999999,12.858205199999999,80.1830553,80.1930553,12.8532052,80.1880553
71,12.848205199999999,12.858205199999999,80.1930553,80.2030553,12.8532052,80.19805530000001
72,12.848205199999999,12.858205199999999,80.2030553,80.21305530000001,12.8532052,80.2080553
73,12.848205199999999,12.858205199999999,80.21305530000001,80.2230553,12.8532052,80.2180553
74,12.848205199999999,12.858205199999999,80.2230553,80.2330553,12.8532052,80.22805530000001
75,12.848205199999999,12.858205199999999,80.2330553,80.24305530000001,12.8532052,80.2380553
76,12.848205199999999,12.858205199999999,80.24305530000001,80.2530553,12.8532052,80.2480553
77,12.848205199999999,12.858205199999999,80.2530553,80.2630553,12.8532052,80.25805530000001
78,12.848205199999999,12.858205199999999,80.2630553,80.27305530000001,12.8532052,80.2680553
79,12.848205199999999,12.858205199999999,80.27305530000001,80.2830553,12.8532052,80.2780553
80,12.848205199999999,12.858205199999999,80.2830553,80.2930553,12.8532052,80.28805530000001
81,12.848205199999999,12.858205199999999,80.2930553,80.30305530000001,12.8532052,80.2980553
82,12.848205199999999,12.858205199999999,80.30305530000001,80.3130553,12.8532052,80.3080553
83,12.848205199999999,12.858205199999999,80.3130553,80.32305530000001,12.8532052,80.3180553
84,12.848205199999999,12.858205199999999,80.32305530000001,80.328671,12.8532052,80.3280553
85,12.858205199999999,12.8682052,80.1230553,80.13305530000001,12.8632052,80.1280553
86,12.858205199999999,12.8682052,80.13305530000001,80.1430553,12.8632052,80.1380553
87,12.858205199999999,12.8682052,80.1430553,80.1530553,12.8632052,80.14805530000001
88,12.858205199999999,12.8682052,80.1530553,80.16305530000001,12.8632052,80.1580553
89,12.858205199999999,12.8682052,80.16305530000001,80.1730553,12.8632052,80.1680553
90,12.858205199999999,12.8682052,80.1730553,80.1830553,12.8632052,80.17805530000001
91,12.858205199999999,12.8682052,80.1830553,80.1930553,12.8632052,80.1880553
92,12.858205199999999,12.8682052,80.1930553,80.2030553,12.8632052,80.19805530000001
93,12.858205199999999,12.8682052,80.2030553,80.21305530000001,12.8632052,80.2080553
94,12.858205199999999,12.8682052,80.21305530000001,80.2230553,12.8632052,80.2180553
95,12.858205199999999,12.8682052,80.2230553,80.2330553,12.8632052,80.22805530000001
96,12.858205199999999,12.8682052,80.2330553,80.24305530000001,12.8632052,80.2380553
97,12.858205199999999,12.8682052,80.24305530000001,80.2530553,12.8632052,80.2480553
98,12.858205199999999,12.8682052,80.2530553,80.2630553,12.8632052,80.25805530000001
99,12.858205199999999,12.8682052,80.2630553,80.27305530000001,12.8632052,80.2680553
100,12.858205199999999,12.8682052,80.27305530000001,80.2830553,12.8632052,80.2780553
101,12.858205199999999,12.8682052,80.2830553,80.2930553,12.8632052,80.28805530000001
102,12.858205199999999,12.8682052,80.2930553,80.30305530000001,12.8632052,80.2980553
103,12.858205199999999,12.8682052,80.30305530000001,80.3130553,12.8632052,80.3080553
104,12.858205199999999,12.8682052,80.3130553,80.32305530000001,12.8632052,80.3180553
105,12.858205199999999,12.8682052,80.32305530000001,80.328671,12.8632052,80.3280553
106,12.8682052,12.8782052,80.1230553,80.13305530000001,12.8732052,80.1280553
107,12.8682052,12.8782052,80.13305530000001,80.1430553,12.8732052,80.1380553
108,12.8682052,12.8782052,80.1430553,80.1530553,12.8732052,80.14805530000001
109,12.8682052,12.8782052,80.1530553,80.16305530000001,12.8732052,80.1580553
110,12.8682052,12.8782052,80.16305530000001,80.1730553,12.8732052,80.1680553
111,12.8682052,12.8782052,80.1730553,80.1830553,12.8732052,80.17805530000001
112,12.8682052,12.8782052,80.1830553,80.1930553,12.8732052,80.1880553
113,12.8682052,12.8782052,80.1930553,80.2030553,12.8732052,80.19805530000001
114,12.8682052,12.8782052,80.2030553,80.21305530000001,12.8732052,80.2080553
115,12.8682052,12.8782052,80.21305530000001,80.2230553,12.8732052,80.2180553
116,12.8682052,12.8782052,80.2230553,80.2330553,12.8732052,80.22805530000001
117,12.8682052,12.8782052,80.2330553,80.24305530000001,12.8732052,80.2380553
118,12.8682052,12.8782052,80.24305530000001,80.2530553,12.8732052,80.2480553
119,12.8682052,12.8782052,80.2530553,80.2630553,12.8732052,80.25805530000001
120,12.8682052,12.8782052,80.2630553,80.27305530000001,12.8732052,80.2680553
121,12.8682052,12.8782052,80.27305530000001,80.2830553,12.8732052,80.2780553
122,12.8682052,12.8782052,80.2830553,80.2930553,12.8732052,80.28805530000001
123,12.8682052,12.8782052,80.2930553,80.30305530000001,12.8732052,80.2980553
124,12.8682052,12.8782052,80.30305530000001,80.3130553,12.8732052,80.3080553
125,12.8682052,12.8782052,80.3130553,80.32305530000001,12.8732052,80.3180553
126,12.8682052,12.8782052,80.32305530000001,80.328671,12.8732052,80.3280553
127,12.8782052,12.8882052,80.1230553,80.13305530000001,12.883205199999999,80.1280553
128,12.8782052,12.8882052,80.13305530000001,80.1430553,12.883205199999999,80.1380553
129,12.8782052,12.8882052,80.1430553,80.1530553,12.883205199999999,80.14805530000001
130,12.8782052,12.8882052,80.1530553,80.16305530000001,12.883205199999999,80.1580553
131,12.8782052,12.8882052,80.16305530000001,80.1730553,12.883205199999999,80.1680553
132,12.8782052,12.8882052,80.1730553,80.1830553,12.883205199999999,80.17805530000001
133,12.8782052,12.8882052,80.1830553,80.1930553,12.883205199999999,80.1880553
134,12.8782052,12.8882052,80.1930553,80.2030553,12.883205199999999,80.19805530000001
135,12.8782052,12.8882052,80.2030553,80.21305530000001,12.883205199999999,80.2080553
136,12.8782052,12.8882052,80.21305530000001,80.2230553,12.883205199999999,80.2180553
137,12.8782052,12.8882052,80.2230553,80.2330553,12.883205199999999,80.22805530000001
138,12.8782052,12.8882052,80.2330553,80.24305530000001,12.883205199999999,80.2380553
139,12.8782052,12.8882052,80.24305530000001,80.2530553,12.883205199999999,80.2480553
140,12.8782052,12.8882052,80.2530553,80.2630553,12.883205199999999,80.25805530000001
141,12.8782052,12.8882052,80.2630553,80.27305530000001,12.883205199999999,80.2680553
142,12.8782052,12.8882052,80.27305530000001,80.2830553,12.883205199999999,80.2780553
143,12.8782052,12.8882052,80.2830553,80.2930553,12.883205199999999,80.28805530000001
144,12.8782052,12.8882052,80.2930553,80.30305530000001,12.883205199999999,80.2980553
145,12.8782052,12.8882052,80.30305530000001,80.3130553,12.883205199999999,80.3080553
146,12.8782052,12.8882052,80.3130553,80.32305530000001,12.883205199999999,80.3180553
147,12.8782052,12.8882052,80.32305530000001,80.328671,12.883205199999999,80.3280553
148,12.8882052,12.8982052,80.1230553,80.13305530000001,12.893205199999999,80.1280553
149,12.8882052,12.8982052,80.13305530000001,80.1430553,12.893205199999999,80.1380553
150,12.8882052,12.8982052,80.1430553,80.1530553,12.893205199999999,80.14805530000001
151,12.8882052,12.8982052,80.1530553,80.16305530000001,12.893205199999999,80.1580553
152,12.8882052,12.8982052,80.16305530000001,80.1730553,12.893205199999999,80.1680553
153,12.8882052,12.8982052,80.1730553,80.1830553,12.893205199999999,80.17805530000001
154,12.8882052,12.8982052,80.1830553,80.1930553,12.893205199999999,80.1880553
155,12.8882052,12.8982052,80.1930553,80.2030553,12.893205199999999,80.19805530000001
156,12.8882052,12.8982052,80.2030553,80.21305530000001,12.893205199999999,80.2080553
157,12.8882052,12.8982052,80.21305530000001,80.2230553,12.893205199999999,80.2180553
158,12.8882052,12.8982052,80.2230553,80.2330553,12.893205199999999,80.22805530000001
159,12.8882052,12.8982052,80.2330553,80.24305530000001,12.893205199999999,80.2380553
160,12.8882052,12.8982052,80.24305530000001,80.2530553,12.893205199999999,80.2480553
161,12.8882052,12.8982052,80.2530553,80.2630553,12.893205199999999,80.25805530000001
162,12.8882052,12.8982052,80.2630553,80.27305530000001,12.893205199999999,80.2680553
163,12.8882052,12.8982052,80.27305530000001,80.2830553,12.893205199999999,80.2780553
164,12.8882052,12.8982052,80.2830553,80.2930553,12.893205199999999,80.28805530000001
165,12.8882052,12.8982052,80.2930553,80.30305530000001,12.893205199999999,80.2980553
166,12.8882052,12.8982052,80.30305530000001,80.3130553,12.893205199999999,80.3080553
167,12.8882052,12.8982052,80.3130553,80.32305530000001,12.893205199999999,80.3180553
168,12.8882052,12.8982052,80.32305530000001,80.328671,12.893205199999999,80.3280553
169,12.8982052,12.9082052,80.1230553,80.13305530000001,12.9032052,80.1280553
170,12.8982052,12.9082052,80.13305530000001,80.1430553,12.9032052,80.1380553
171,12.8982052,12.9082052,80.1430553,80.1530553,12.9032052,80.14805530000001
172,12.8982052,12.9082052,80.1530553,80.16305530000001,12.9032052,80.1580553
173,12.8982052,12.9082052,80.16305530000001,80.1730553,12.9032052,80.1680553
174,12.8982052,12.9082052,80.1730553,80.1830553,12.9032052,80.17805530000001
175,12.8982052,12.9082052,80.1830553,80.1930553,12.9032052,80.1880553
176,12.8982052,12.9082052,80.1930553,80.2030553,12.9032052,80.19805530000001
177,12.8982052,12.9082052,80.2030553,80.21305530000001,12.9032052,80.2080553
178,12.8982052,12.9082052,80.21305530000001,80.2230553,12.9032052,80.2180553
179,12.8982052,12.9082052,80.2230553,80.2330553,12.9032052,80.22805530000001
180,12.8982052,12.9082052,80.2330553,80.24305530000001,12.9032052,80.2380553
181,12.8982052,12.9082052,80.24305530000001,80.2530553,12.9032052,80.2480553
182,12.8982052,12.9082052,80.2530553,80.2630553,12.9032052,80.25805530000001
183,12.8982052,12.9082052,80.2630553,80.27305530000001,12.9032052,80.2680553
184,12.8982052,12.9082052,80.27305530000001,80.2830553,12.9032052,80.2780553
185,12.8982052,12.9082052,80.2830553,80.2930553,12.9032052,80.28805530000001
186,12.8982052,12.9082052,80.2930553,80.30305530000001,12.9032052,80.2980553
187,12.8982052,12.9082052,80.30305530000001,80.3130553,12.9032052,80.3080553
188,12.8982052,12.9082052,80.3130553,80.32305530000001,12.9032052,80.3180553
189,12.8982052,12.9082052,80.32305530000001,80.328671,12.9032052,80.3280553
190,12.9082052,12.9182052,80.1230553,80.13305530000001,12.9132052,80.1280553
191,12.9082052,12.9182052,80.13305530000001,80.1430553,12.9132052,80.1380553
192,12.9082052,12.9182052,80.1430553,80.1530553,12.9132052,80.14805530000001
193,12.9082052,12.9182052,80.1530553,80.16305530000001,12.9132052,80.1580553
194,12.9082052,12.9182052,80.16305530000001,80.1730553,12.9132052,80.1680553
195,12.9082052,12.9182052,80.1730553,80.1830553,12.9132052,80.17805530000001
196,12.9082052,12.9182052,80.1830553,80.1930553,12.9132052,80.1880553
197,12.9082052,12.9182052,80.1930553,80.2030553,12.9132052,80.19805530000001
198,12.9082052,12.9182052,80.2030553,80.21305530000001,12.9132052,80.2080553
199,12.9082052,12.9182052,80.21305530000001,80.2230553,12.9132052,80.2180553
200,12.9082052,12.9182052,80.2230553,80.2330553,12.9132052,80.22805530000001
201,12.9082052,12.9182052,80.2330553,80.24305530000001,12.9132052,80.2380553
202,12.9082052,12.9182052,80.24305530000001,80.2530553,12.9132052,80.2480553
203,12.9082052,12.9182052,80.2530553,80.2630553,12.9132052,80.25805530000001
204,12.9082052,12.9182052,80.2630553,80.27305530000001,12.9132052,80.2680553
205,12.9082052,12.9182052,80.27305530000001,80.2830553,12.9132052,80.2780553
206,12.9082052,12.9182052,80.2830553,80.2930553,12.9132052,80.28805530000001
207,12.9082052,12.9182052,80.2930553,80.30305530000001,12.9132052,80.2980553
208,12.9082052,12.9182052,80.30305530000001,80.3130553,12.9132052,80.3080553
209,12.9082052,12.9182052,80.3130553,80.32305530000001,12.9132052,80.3180553
210,12.9082052,12.9182052,80.32305530000001,80.328671,12.9132052,80.3280553
211,12.9182052,12.928205199999999,80.1230553,80.13305530000001,12.9232052,80.1280553
212,12.9182052,12.928205199999999,80.13305530000001,80.1430553,12.9232052,80.1380553
213,12.9182052,12.928205199999999,80.1430553,80.1530553,12.9232052,80.14805530000001
214,12.9182052,12.928205199999999,80.1530553,80.16305530000001,12.9232052,80.1580553
215,12.9182052,12.928205199999999,80.16305530000001,80.1730553,12.9232052,80.1680553
216,12.9182052,12.928205199999999,80.1730553,80.1830553,12.9232052,80.17805530000001
217,12.9182052,12.928205199999999,80.1830553,80.1930553,12.9232052,80.1880553
218,12.9182052,12.928205199999999,80.1930553,80.2030553,12.9232052,80.19805530000001
219,12.9182052,12.928205199999999,80.2030553,80.21305530000001,12.9232052,80.2080553
220,12.9182052,12.928205199999999,80.21305530000001,80.2230553,12.9232052,80.2180553
221,12.9182052,12.928205199999999,80.2230553,80.2330553,12.9232052,80.22805530000001
222,12.9182052,12.928205199999999,80.2330553,80.24305530000001,12.9232052,80.2380553
223,12.9182052,12.928205199999999,80.24305530000001,80.2530553,12.9232052,80.2480553
224,12.9182052,12.928205199999999,80.2530553,80.2630553,12.9232052,80.25805530000001
225,12.9182052,12.928205199999999,80.2630553,80.27305530000001,12.9232052,80.2680553
226,12.9182052,12.928205199999999,80.27305530000001,80.2830553,12.9232052,80.2780553
227,12.9182052,12.928205199999999,80.2830553,80.2930553,12.9232052,80.28805530000001
228,12.9182052,12.928205199999999,80.2930553,80.30305530000001,12.9232052,80.2980553
229,12.9182052,12.928205199999999,80.30305530000001,80.3130553,12.9232052,80.3080553
230,12.9182052,12.928205199999999,80.3130553,80.32305530000001,12.9232052,80.3180553
231,12.9182052,12.928205199999999,80.32305530000001,80.328671,12.9232052,80.3280553
232,12.928205199999999,12.938205199999999,80.1230553,80.13305530000001,12.9332052,80.1280553
233,12.928205199999999,12.938205199999999,80.13305530000001,80.1430553,12.9332052,80.1380553
234,12.928205199999999,12.938205199999999,80.1430553,80.1530553,12.9332052,80.14805530000001
235,12.928205199999999,12.938205199999999,80.1530553,80.16305530000001,12.9332052,80.1580553
236,12.928205199999999,12.938205199999999,80.16305530000001,80.1730553,12.9332052,80.1680553
237,12.928205199999999,12.938205199999999,80.1730553,80.1830553,12.9332052,80.17805530000001
238,12.928205199999999,12.938205199999999,80.1830553,80.1930553,12.9332052,80.1880553
239,12.928205199999999,12.938205199999999,80.1930553,80.2030553,12.9332052,80.19805530000001
240,12.928205199999999,12.938205199999999,80.2030553,80.21305530000001,12.9332052,80.2080553
241,12.928205199999999,12.938205199999999,80.21305530000001,80.2230553,12.9332052,80.2180553
242,12.928205199999999,12.938205199999999,80.2230553,80.2330553,12.9332052,80.22805530000001
243,12.928205199999999,12.938205199999999,80.2330553,80.24305530000001,12.9332052,80.2380553
244,12.928205199999999,12.938205199999999,80.24305530000001,80.2530553,12.9332052,80.2480553
245,12.928205199999999,12.938205199999999,80.2530553,80.2630553,12.9332052,80.25805530000001
246,12.928205199999999,12.938205199999999,80.2630553,80.27305530000001,12.9332052,80.2680553
247,12.928205199999999,12.938205199999999,80.27305530000001,80.2830553,12.9332052,80.2780553
248,12.928205199999999,12.938205199999999,80.2830553,80.2930553,12.9332052,80.28805530000001
249,12.928205199999999,12.938205199999999,80.2930553,80.30305530000001,12.9332052,80.2980553
250,12.928205199999999,12.938205199999999,80.30305530000001,80.3130553,12.9332052,80.3080553
251,12.928205199999999,12.938205199999999,80.3130553,80.32305530000001,12.9332052,80.3180553
252,12.928205199999999,12.938205199999999,80.32305530000001,80.328671,12.9332052,80.3280553
253,12.938205199999999,12.9482052,80.1230553,80.13305530000001,12.9432052,80.1280553
254,12.938205199999999,12.9482052,80.13305530000001,80.1430553,12.9432052,80.1380553
255,12.938205199999999,12.9482052,80.1430553,80.1530553,12.9432052,80.14805530000001
256,12.938205199999999,12.9482052,80.1530553,80.16305530000001,12.9432052,80.1580553
257,12.938205199999999,12.9482052,80.16305530000001,80.1730553,12.9432052,80.1680553
258,12.938205199999999,12.9482052,80.1730553,80.1830553,12.9432052,80.17805530000001
259,12.938205199999999,12.9482052,80.1830553,80.1930553,12.9432052,80.1880553
260,12.938205199999999,12.9482052,80.1930553,80.2030553,12.9432052,80.19805530000001
261,12.938205199999999,12.9482052,80.2030553,80.21305530000001,12.9432052,80.2080553
262,12.938205199999999,12.9482052,80.21305530000001,80.2230553,12.9432052,80.2180553
263,12.938205199999999,12.9482052,80.2230553,80.2330553,12.9432052,80.22805530000001
264,12.938205199999999,12.9482052,80.2330553,80.24305530000001,12.9432052,80.2380553
265,12.938205199999999,12.9482052,80.24305530000001,80.2530553,12.9432052,80.2480553
266,12.938205199999999,12.9482052,80.2530553,80.2630553,12.9432052,80.25805530000001
267,12.938205199999999,12.9482052,80.2630553,80.27305530000001,12.9432052,80.2680553
268,12.938205199999999,12.9482052,80.27305530000001,80.2830553,12.9432052,80.2780553
269,12.938205199999999,12.9482052,80.2830553,80.2930553,12.9432052,80.28805530000001
270,12.938205199999999,12.9482052,80.2930553,80.30305530000001,12.9432052,80.2980553
271,12.938205199999999,12.9482052,80.30305530000001,80.3130553,12.9432052,80.3080553
272,12.938205199999999,12.9482052,80.3130553,80.32305530000001,12.9432052,80.3180553
273,12.938205199999999,12.9482052,80.32305530000001,80.328671,12.9432052,80.3280553
274,12.9482052,12.9582052,80.1230553,80.13305530000001,12.9532052,80.1280553
275,12.9482052,12.9582052,80.13305530000001,80.1430553,12.9532052,80.1380553
276,12.9482052,12.9582052,80.1430553,80.1530553,12.9532052,80.14805530000001
277,12.9482052,12.9582052,80.1530553,80.16305530000001,12.9532052,80.1580553
278,12.9482052,12.9582052,80.16305530000001,80.1730553,12.9532052,80.1680553
279,12.9482052,12.9582052,80.1730553,80.1830553,12.9532052,80.17805530000001
280,12.9482052,12.9582052,80.1830553,80.1930553,12.9532052,80.1880553
281,12.9482052,12.9582052,80.1930553,80.2030553,12.9532052,80.19805530000001
282,12.9482052,12.9582052,80.2030553,80.21305530000001,12.9532052,80.2080553
283,12.9482052,12.9582052,80.21305530000001,80.2230553,12.9532052,80.2180553
284,12.9482052,12.9582052,80.2230553,80.2330553,12.9532052,80.22805530000001
285,12.9482052,12.9582052,80.2330553,80.24305530000001,12.9532052,80.2380553
286,12.9482052,12.9582052,80.24305530000001,80.2530553,12.9532052,80.2480553
287,12.9482052,12.9582052,80.2530553,80.2630553,12.9532052,80.25805530000001
288,12.9482052,12.9582052,80.2630553,80.27305530000001,12.9532052,80.2680553
289,12.9482052,12.9582052,80.27305530000001,80.2830553,12.9532052,80.2780553
290,12.9482052,12.9582052,80.2830553,80.2930553,12.9532052,80.28805530000001
291,12.9482052,12.9582052,80.2930553,80.30305530000001,12.9532052,80.2980553
292,12.9482052,12.9582052,80.30305530000001,80.3130553,12.9532052,80.3080553
293,12.9482052,12.9582052,80.3130553,80.32305530000001,12.9532052,80.3180553
294,12.9482052,12.9582052,80.32305530000001,80.328671,12.9532052,80.3280553
295,12.9582052,12.9682052,80.1230553,80.13305530000001,12.963205199999999,80.1280553
296,12.9582052,12.9682052,80.13305530000001,80.1430553,12.963205199999999,80.1380553
297,12.9582052,12.9682052,80.1430553,80.1530553,12.963205199999999,80.14805530000001
298,12.9582052,12.9682052,80.1530553,80.16305530000001,12.963205199999999,80.1580553
299,12.9582052,12.9682052,80.16305530000001,80.1730553,12.963205199999999,80.1680553
300,12.9582052,12.9682052,80.1730553,80.1830553,12.963205199999999,80.17805530000001
301,12.9582052,12.9682052,80.1830553,80.1930553,12.963205199999999,80.1880553
302,12.9582052,12.9682052,80.1930553,80.2030553,12.963205199999999,80.19805530000001
303,12.9582052,12.9682052,80.2030553,80.21305530000001,12.963205199999999,80.2080553
304,12.9582052,12.9682052,80.21305530000001,80.2230553,12.963205199999999,80.2180553
305,12.9582052,12.9682052,80.2230553,80.2330553,12.963205199999999,80.22805530000001
306,12.9582052,12.9682052,80.2330553,80.24305530000001,12.963205199999999,80.2380553
307,12.9582052,12.9682052,80.24305530000001,80.2530553,12.963205199999999,80.2480553
308,12.9582052,12.9682052,80.2530553,80.2630553,12.963205199999999,80.25805530000001
309,12.9582052,12.9682052,80.2630553,80.27305530000001,12.963205199999999,80.2680553
310,12.9582052,12.9682052,80.27305530000001,80.2830553,12.963205199999999,80.2780553
311,12.9582052,12.9682052,80.2830553,80.2930553,12.963205199999999,80.28805530000001
312,12.9582052,12.9682052,80.2930553,80.30305530000001,12.963205199999999,80.2980553
313,12.9582052,12.9682052,80.30305530000001,80.3130553,12.963205199999999,80.3080553
314,12.9582052,12.9682052,80.3130553,80.32305530000001,12.963205199999999,80.3180553
315,12.9582052,12.9682052,80.32305530000001,80.328671,12.963205199999999,80.3280553
316,12.9682052,12.9782052,80.1230553,80.13305530000001,12.973205199999999,80.1280553
317,12.9682052,12.9782052,80.13305530000001,80.1430553,12.973205199999999,80.1380553
318,12.9682052,12.9782052,80.1430553,80.1530553,12.973205199999999,80.14805530000001
319,12.9682052,12.9782052,80.1530553,80.16305530000001,12.973205199999999,80.1580553
320,12.9682052,12.9782052,80.16305530000001,80.1730553,12.973205199999999,80.1680553
321,12.9682052,12.9782052,80.1730553,80.1830553,12.973205199999999,80.17805530000001
322,12.9682052,12.9782052,80.1830553,80.1930553,12.973205199999999,80.1880553
323,12.9682052,12.9782052,80.1930553,80.2030553,12.973205199999999,80.19805530000001
324,12.9682052,12.9782052,80.2030553,80.21305530000001,12.973205199999999,80.2080553
325,12.9682052,12.9782052,80.21305530000001,80.2230553,12.973205199999999,80.2180553
326,12.9682052,12.9782052,80.2230553,80.2330553,12.973205199999999,80.22805530000001
327,12.9682052,12.9782052,80.2330553,80.24305530000001,12.973205199999999,80.2380553
328,12.9682052,12.9782052,80.24305530000001,80.2530553,12.973205199999999,80.2480553
329,12.9682052,12.9782052,80.2530553,80.2630553,12.973205199999999,80.25805530000001
330,12.9682052,12.9782052,80.2630553,80.27305530000001,12.973205199999999,80.2680553
331,12.9682052,12.9782052,80.27305530000001,80.2830553,12.973205199999999,80.2780553
332,12.9682052,12.9782052,80.2830553,80.2930553,12.973205199999999,80.28805530000001
333,12.9682052,12.9782052,80.2930553,80.30305530000001,12.973205199999999,80.2980553
334,12.9682052,12.9782052,80.30305530000001,80.3130553,12.973205199999999,80.3080553
335,12.9682052,12.9782052,80.3130553,80.32305530000001,12.973205199999999,80.3180553
336,12.9682052,12.9782052,80.32305530000001,80.328671,12.973205199999999,80.3280553
337,12.9782052,12.9882052,80.1230553,80.13305530000001,12.983205199999999,80.1280553
338,12.9782052,12.9882052,80.13305530000001,80.1430553,12.983205199999999,80.1380553
339,12.9782052,12.9882052,80.1430553,80.1530553,12.983205199999999,80.14805530000001
340,12.9782052,12.9882052,80.1530553,80.16305530000001,12.983205199999999,80.1580553
341,12.9782052,12.9882052,80.16305530000001,80.1730553,12.983205199999999,80.1680553
342,12.9782052,12.9882052,80.1730553,80.1830553,12.983205199999999,80.17805530000001
343,12.9782052,12.9882052,80.1830553,80.1930553,12.983205199999999,80.1880553
344,12.9782052,12.9882052,80.1930553,80.2030553,12.983205199999999,80.19805530000001
345,12.9782052,12.9882052,80.2030553,80.21305530000001,12.983205199999999,80.2080553
346,12.9782052,12.9882052,80.21305530000001,80.2230553,12.983205199999999,80.2180553
347,12.9782052,12.9882052,80.2230553,80.2330553,12.983205199999999,80.22805530000001
348,12.9782052,12.9882052,80.2330553,80.24305530000001,12.983205199999999,80.2380553
349,12.9782052,12.9882052,80.24305530000001,80.2530553,12.983205199999999,80.2480553
350,12.9782052,12.9882052,80.2530553,80.2630553,12.983205199999999,80.25805530000001
351,12.9782052,12.9882052,80.2630553,80.27305530000001,12.983205199999999,80.2680553
352,12.9782052,12.9882052,80.27305530000001,80.2830553,12.983205199999999,80.2780553
353,12.9782052,12.9882052,80.2830553,80.2930553,12.983205199999999,80.28805530000001
354,12.9782052,12.9882052,80.2930553,80.30305530000001,12.983205199999999,80.2980553
355,12.9782052,12.9882052,80.30305530000001,80.3130553,12.983205199999999,80.3080553
356,12.9782052,12.9882052,80.3130553,80.32305530000001,12.983205199999999,80.3180553
357,12.9782052,12.9882052,80.32305530000001,80.328671,12.983205199999999,80.3280553
358,12.9882052,12.9982052,80.1230553,80.13305530000001,12.9932052,80.1280553
359,12.9882052,12.9982052,80.13305530000001,80.1430553,12.9932052,80.1380553
360,12.9882052,12.9982052,80.1430553,80.1530553,12.9932052,80.14805530000001
361,12.9882052,12.9982052,80.1530553,80.16305530000001,12.9932052,80.1580553
362,12.9882052,12.9982052,80.16305530000001,80.1730553,12.9932052,80.1680553
363,12.9882052,12.9982052,80.1730553,80.1830553,12.9932052,80.17805530000001
364,12.9882052,12.9982052,80.1830553,80.1930553,12.9932052,80.1880553
365,12.9882052,12.9982052,80.1930553,80.2030553,12.9932052,80.19805530000001
366,12.9882052,12.9982052,80.2030553,80.21305530000001,12.9932052,80.2080553
367,12.9882052,12.9982052,80.21305530000001,80.2230553,12.9932052,80.2180553
368,12.9882052,12.9982052,80.2230553,80.2330553,12.9932052,80.22805530000001
369,12.9882052,12.9982052,80.2330553,80.24305530000001,12.9932052,80.2380553
370,12.9882052,12.9982052,80.24305530000001,80.2530553,12.9932052,80.2480553
371,12.9882052,12.9982052,80.2530553,80.2630553,12.9932052,80.25805530000001
372,12.9882052,12.9982052,80.2630553,80.27305530000001,12.9932052,80.2680553
373,12.9882052,12.9982052,80.27305530000001,80.2830553,12.9932052,80.2780553
374,12.9882052,12.9982052,80.2830553,80.2930553,12.9932052,80.28805530000001
375,12.9882052,12.9982052,80.2930553,80.30305530000001,12.9932052,80.2980553
376,12.9882052,12.9982052,80.30305530000001,80.3130553,12.9932052,80.3080553
377,12.9882052,12.9982052,80.3130553,80.32305530000001,12.9932052,80.3180553
378,12.9882052,12.9982052,80.32305530000001,80.328671,12.9932052,80.3280553
379,12.9982052,13.008205199999999,80.1230553,80.13305530000001,13.0032052,80.1280553
380,12.9982052,13.008205199999999,80.13305530000001,80.1430553,13.0032052,80.1380553
381,12.9982052,13.008205199999999,80.1430553,80.1530553,13.0032052,80.14805530000001
382,12.9982052,13.008205199999999,80.1530553,80.16305530000001,13.0032052,80.1580553
383,12.9982052,13.008205199999999,80.16305530000001,80.1730553,13.0032052,80.1680553
384,12.9982052,13.008205199999999,80.1730553,80.1830553,13.0032052,80.17805530000001
385,12.9982052,13.008205199999999,80.1830553,80.1930553,13.0032052,80.1880553
386,12.9982052,13.008205199999999,80.1930553,80.2030553,13.0032052,80.19805530000001
387,12.9982052,13.008205199999999,80.2030553,80.21305530000001,13.0032052,80.2080553
388,12.9982052,13.008205199999999,80.21305530000001,80.2230553,13.0032052,80.2180553
389,12.9982052,13.008205199999999,80.2230553,80.2330553,13.0032052,80.22805530000001
390,12.9982052,13.008205199999999,80.2330553,80.24305530000001,13.0032052,80.2380553
391,12.9982052,13.008205199999999,80.24305530000001,80.2530553,13.0032052,80.2480553
392,12.9982052,13.008205199999999,80.2530553,80.2630553,13.0032052,80.25805530000001
393,12.9982052,13.008205199999999,80.2630553,80.27305530000001,13.0032052,80.2680553
394,12.9982052,13.008205199999999,80.27305530000001,80.2830553,13.0032052,80.2780553
395,12.9982052,13.008205199999999,80.2830553,80.2930553,13.0032052,80.28805530000001
396,12.9982052,13.008205199999999,80.2930553,80.30305530000001,13.0032052,80.2980553
397,12.9982052,13.008205199999999,80.30305530000001,80.3130553,13.0032052,80.3080553
398,12.9982052,13.008205199999999,80.3130553,80.32305530000001,13.0032052,80.3180553
399,12.9982052,13.008205199999999,80.32305530000001,80.328671,13.0032052,80.3280553
400,13.008205199999999,13.018205199999999,80.1230553,80.13305530000001,13.0132052,80.1280553
401,13.008205199999999,13.018205199999999,80.13305530000001,80.1430553,13.0132052,80.1380553
402,13.008205199999999,13.018205199999999,80.1430553,80.1530553,13.0132052,80.14805530000001
403,13.008205199999999,13.018205199999999,80.1530553,80.16305530000001,13.0132052,80.1580553
404,13.008205199999999,13.018205199999999,80.16305530000001,80.1730553,13.0132052,80.1680553
405,13.008205199999999,13.018205199999999,80.1730553,80.1830553,13.0132052,80.17805530000001
406,13.008205199999999,13.018205199999999,80.1830553,80.1930553,13.0132052,80.1880553
407,13.008205199999999,13.018205199999999,80.1930553,80.2030553,13.0132052,80.19805530000001
408,13.008205199999999,13.018205199999999,80.2030553,80.21305530000001,13.0132052,80.2080553
409,13.008205199999999,13.018205199999999,80.21305530000001,80.2230553,13.0132052,80.2180553
410,13.008205199999999,13.018205199999999,80.2230553,80.2330553,13.0132052,80.22805530000001
411,13.008205199999999,13.018205199999999,80.2330553,80.24305530000001,13.0132052,80.2380553
412,13.008205199999999,13.018205199999999,80.24305530000001,80.2530553,13.0132052,80.2480553
413,13.008205199999999,13.018205199999999,80.2530553,80.2630553,13.0132052,80.25805530000001
414,13.008205199999999,13.018205199999999,80.2630553,80.27305530000001,13.0132052,80.2680553
415,13.008205199999999,13.018205199999999,80.27305530000001,80.2830553,13.0132052,80.2780553
416,13.008205199999999,13.018205199999999,80.2830553,80.2930553,13.0132052,80.28805530000001
417,13.008205199999999,13.018205199999999,80.2930553,80.30305530000001,13.0132052,80.2980553
418,13.008205199999999,13.018205199999999,80.30305530000001,80.3130553,13.0132052,80.3080553
419,13.008205199999999,13.018205199999999,80.3130553,80.32305530000001,13.0132052,80.3180553
420,13.008205199999999,13.018205199999999,80.32305530000001,80.328671,13.0132052,80.3280553
421,13.018205199999999,13.0282052,80.1230553,80.13305530000001,13.0232052,80.1280553
422,13.018205199999999,13.0282052,80.13305530000001,80.1430553,13.0232052,80.1380553
423,13.018205199999999,13.0282052,80.1430553,80.1530553,13.0232052,80.14805530000001
424,13.018205199999999,13.0282052,80.1530553,80.16305530000001,13.0232052,80.1580553
425,13.018205199999999,13.0282052,80.16305530000001,80.1730553,13.0232052,80.1680553
426,13.018205199999999,13.0282052,80.1730553,80.1830553,13.0232052,80.17805530000001
427,13.018205199999999,13.0282052,80.1830553,80.1930553,13.0232052,80.1880553
428,13.018205199999999,13.0282052,80.1930553,80.2030553,13.0232052,80.19805530000001
429,13.018205199999999,13.0282052,80.2030553,80.21305530000001,13.0232052,80.2080553
430,13.018205199999999,13.0282052,80.21305530000001,80.2230553,13.0232052,80.2180553
431,13.018205199999999,13.0282052,80.2230553,80.2330553,13.0232052,80.22805530000001
432,13.018205199999999,13.0282052,80.2330553,80.24305530000001,13.0232052,80.2380553
433,13.018205199999999,13.0282052,80.24305530000001,80.2530553,13.0232052,80.2480553
434,13.018205199999999,13.0282052,80.2530553,80.2630553,13.0232052,80.25805530000001
435,13.018205199999999,13.0282052,80.2630553,80.27305530000001,13.0232052,80.2680553
436,13.018205199999999,13.0282052,80.27305530000001,80.2830553,13.0232052,80.2780553
437,13.018205199999999,13.0282052,80.2830553,80.2930553,13.0232052,80.28805530000001
438,13.018205199999999,13.0282052,80.2930553,80.30305530000001,13.0232052,80.2980553
439,13.018205199999999,13.0282052,80.30305530000001,80.3130553,13.0232052,80.3080553
440,13.018205199999999,13.0282052,80.3130553,80.32305530000001,13.0232052,80.3180553
441,13.018205199999999,13.0282052,80.32305530000001,80.328671,13.0232052,80.3280553
442,13.0282052,13.0382052,80.1230553,80.13305530000001,13.0332052,80.1280553
443,13.0282052,13.0382052,80.13305530000001,80.1430553,13.0332052,80.1380553
444,13.0282052,13.0382052,80.1430553,80.1530553,13.0332052,80.14805530000001
445,13.0282052,13.0382052,80.1530553,80.16305530000001,13.0332052,80.1580553
446,13.0282052,13.0382052,80.16305530000001,80.1730553,13.0332052,80.1680553
447,13.0282052,13.0382052,80.1730553,80.1830553,13.0332052,80.17805530000001
448,13.0282052,13.0382052,80.1830553,80.1930553,13.0332052,80.1880553
449,13.0282052,13.0382052,80.1930553,80.2030553,13.0332052,80.19805530000001
450,13.0282052,13.0382052,80.2030553,80.21305530000001,13.0332052,80.2080553
451,13.0282052,13.0382052,80.21305530000001,80.2230553,13.0332052,80.2180553
452,13.0282052,13.0382052,80.2230553,80.2330553,13.0332052,80.22805530000001
453,13.0282052,13.0382052,80.2330553,80.24305530000001,13.0332052,80.2380553
454,13.0282052,13.0382052,80.24305530000001,80.2530553,13.0332052,80.2480553
455,13.0282052,13.0382052,80.2530553,80.2630553,13.0332052,80.25805530000001
456,13.0282052,13.0382052,80.2630553,80.27305530000001,13.0332052,80.2680553
457,13.0282052,13.0382052,80.27305530000001,80.2830553,13.0332052,80.2780553
458,13.0282052,13.0382052,80.2830553,80.2930553,13.0332052,80.28805530000001
459,13.0282052,13.0382052,80.2930553,80.30305530000001,13.0332052,80.2980553
460,13.0282052,13.0382052,80.30305530000001,80.3130553,13.0332052,80.3080553
461,13.0282052,13.0382052,80.3130553,80.32305530000001,13.0332052,80.3180553
462,13.0282052,13.0382052,80.32305530000001,80.328671,13.0332052,80.3280553
463,13.0382052,13.0482052,80.1230553,80.13305530000001,13.0432052,80.1280553
464,13.0382052,13.0482052,80.13305530000001,80.1430553,13.0432052,80.1380553
465,13.0382052,13.0482052,80.1430553,80.1530553,13.0432052,80.14805530000001
466,13.0382052,13.0482052,80.1530553,80.16305530000001,13.0432052,80.1580553
467,13.0382052,13.0482052,80.16305530000001,80.1730553,13.0432052,80.1680553
468,13.0382052,13.0482052,80.1730553,80.1830553,13.0432052,80.17805530000001
469,13.0382052,13.0482052,80.1830553,80.1930553,13.0432052,80.1880553
470,13.0382052,13.0482052,80.1930553,80.2030553,13.0432052,80.19805530000001
471,13.0382052,13.0482052,80.2030553,80.21305530000001,13.0432052,80.2080553
472,13.0382052,13.0482052,80.21305530000001,80.2230553,13.0432052,80.2180553
473,13.0382052,13.0482052,80.2230553,80.2330553,13.0432052,80.22805530000001
474,13.0382052,13.0482052,80.2330553,80.24305530000001,13.0432052,80.2380553
475,13.0382052,13.0482052,80.24305530000001,80.2530553,13.0432052,80.2480553
476,13.0382052,13.0482052,80.2530553,80.2630553,13.0432052,80.25805530000001
477,13.0382052,13.0482052,80.2630553,80.27305530000001,13.0432052,80.2680553
478,13.0382052,13.0482052,80.27305530000001,80.2830553,13.0432052,80.2780553
479,13.0382052,13.0482052,80.2830553,80.2930553,13.0432052,80.28805530000001
480,13.0382052,13.0482052,80.2930553,80.30305530000001,13.0432052,80.2980553
481,13.0382052,13.0482052,80.30305530000001,80.3130553,13.0432052,80.3080553
482,13.0382052,13.0482052,80.3130553,80.32305530000001,13.0432052,80.3180553
483,13.0382052,13.0482052,80.32305530000001,80.328671,13.0432052,80.3280553
484,13.0482052,13.0582052,80.1230553,80.13305530000001,13.053205199999999,80.1280553
485,13.0482052,13.0582052,80.13305530000001,80.1430553,13.053205199999999,80.1380553
486,13.0482052,13.0582052,80.1430553,80.1530553,13.053205199999999,80.14805530000001
487,13.0482052,13.0582052,80.1530553,80.16305530000001,13.053205199999999,80.1580553
488,13.0482052,13.0582052,80.16305530000001,80.1730553,13.053205199999999,80.1680553
489,13.0482052,13.0582052,80.1730553,80.1830553,13.053205199999999,80.17805530000001
490,13.0482052,13.0582052,80.1830553,80.1930553,13.053205199999999,80.1880553
491,13.0482052,13.0582052,80.1930553,80.2030553,13.053205199999999,80.19805530000001
492,13.0482052,13.0582052,80.2030553,80.21305530000001,13.053205199999999,80.2080553
493,13.0482052,13.0582052,80.21305530000001,80.2230553,13.053205199999999,80.2180553
494,13.0482052,13.0582052,80.2230553,80.2330553,13.053205199999999,80.22805530000001
495,13.0482052,13.0582052,80.2330553,80.24305530000001,13.053205199999999,80.2380553
496,13.0482052,13.0582052,80.24305530000001,80.2530553,13.053205199999999,80.2480553
497,13.0482052,13.0582052,80.2530553,80.2630553,13.053205199999999,80.25805530000001
498,13.0482052,13.0582052,80.2630553,80.27305530000001,13.053205199999999,80.2680553
499,13.0482052,13.0582052,80.27305530000001,80.2830553,13.053205199999999,80.2780553
500,13.0482052,13.0582052,80.2830553,80.2930553,13.053205199999999,80.28805530000001
501,13.0482052,13.0582052,80.2930553,80.30305530000001,13.053205199999999,80.2980553
502,13.0482052,13.0582052,80.30305530000001,80.3130553,13.053205199999999,80.3080553
503,13.0482052,13.0582052,80.3130553,80.32305530000001,13.053205199999999,80.3180553
504,13.0482052,13.0582052,80.32305530000001,80.328671,13.053205199999999,80.3280553
505,13.0582052,13.0682052,80.1230553,80.13305530000001,13.063205199999999,80.1280553
506,13.0582052,13.0682052,80.13305530000001,80.1430553,13.063205199999999,80.1380553
507,13.0582052,13.0682052,80.1430553,80.1530553,13.063205199999999,80.14805530000001
508,13.0582052,13.0682052,80.1530553,80.16305530000001,13.063205199999999,80.1580553
509,13.0582052,13.0682052,80.16305530000001,80.1730553,13.063205199999999,80.1680553
510,13.0582052,13.0682052,80.1730553,80.1830553,13.063205199999999,80.17805530000001
511,13.0582052,13.0682052,80.1830553,80.1930553,13.063205199999999,80.1880553
512,13.0582052,13.0682052,80.1930553,80.2030553,13.063205199999999,80.19805530000001
513,13.0582052,13.0682052,80.2030553,80.21305530000001,13.063205199999999,80.2080553
514,13.0582052,13.0682052,80.21305530000001,80.2230553,13.063205199999999,80.2180553
515,13.0582052,13.0682052,80.2230553,80.2330553,13.063205199999999,80.22805530000001
516,13.0582052,13.0682052,80.2330553,80.24305530000001,13.063205199999999,80.2380553
517,13.0582052,13.0682052,80.24305530000001,80.2530553,13.063205199999999,80.2480553
518,13.0582052,13.0682052,80.2530553,80.2630553,13.063205199999999,80.25805530000001
519,13.0582052,13.0682052,80.2630553,80.27305530000001,13.063205199999999,80.2680553
520,13.0582052,13.0682052,80.27305530000001,80.2830553,13.063205199999999,80.2780553
521,13.0582052,13.0682052,80.2830553,80.2930553,13.063205199999999,80.28805530000001
522,13.0582052,13.0682052,80.2930553,80.30305530000001,13.063205199999999,80.2980553
523,13.0582052,13.0682052,80.30305530000001,80.3130553,13.063205199999999,80.3080553
524,13.0582052,13.0682052,80.3130553,80.32305530000001,13.063205199999999,80.3180553
525,13.0582052,13.0682052,80.32305530000001,80.328671,13.063205199999999,80.3280553
526,13.0682052,13.0782052,80.1230553,80.13305530000001,13.0732052,80.1280553
527,13.0682052,13.0782052,80.13305530000001,80.1430553,13.0732052,80.1380553
528,13.0682052,13.0782052,80.1430553,80.1530553,13.0732052,80.14805530000001
529,13.0682052,13.0782052,80.1530553,80.16305530000001,13.0732052,80.1580553
530,13.0682052,13.0782052,80.16305530000001,80.1730553,13.0732052,80.1680553
531,13.0682052,13.0782052,80.1730553,80.1830553,13.0732052,80.17805530000001
532,13.0682052,13.0782052,80.1830553,80.1930553,13.0732052,80.1880553
533,13.0682052,13.0782052,80.1930553,80.2030553,13.0732052,80.19805530000001
534,13.0682052,13.0782052,80.2030553,80.21305530000001,13.0732052,80.2080553
535,13.0682052,13.0782052,80.21305530000001,80.2230553,13.0732052,80.2180553
536,13.0682052,13.0782052,80.2230553,80.2330553,13.0732052,80.22805530000001
537,13.0682052,13.0782052,80.2330553,80.24305530000001,13.0732052,80.2380553
538,13.0682052,13.0782052,80.24305530000001,80.2530553,13.0732052,80.2480553
539,13.0682052,13.0782052,80.2530553,80.2630553,13.0732052,80.25805530000001
540,13.0682052,13.0782052,80.2630553,80.27305530000001,13.0732052,80.2680553
541,13.0682052,13.0782052,80.27305530000001,80.2830553,13.0732052,80.2780553
542,13.0682052,13.0782052,80.2830553,80.2930553,13.0732052,80.28805530000001
543,13.0682052,13.0782052,80.2930553,80.30305530000001,13.0732052,80.2980553
544,13.0682052,13.0782052,80.30305530000001,80.3130553,13.0732052,80.3080553
545,13.0682052,13.0782052,80.3130553,80.32305530000001,13.0732052,80.3180553
546,13.0682052,13.0782052,80.32305530000001,80.328671,13.0732052,80.3280553
547,13.0782052,13.088205199999999,80.1230553,80.13305530000001,13.0832052,80.1280553
548,13.0782052,13.088205199999999,80.13305530000001,80.1430553,13.0832052,80.1380553
549,13.0782052,13.088205199999999,80.1430553,80.1530553,13.0832052,80.14805530000001
550,13.0782052,13.088205199999999,80.1530553,80.16305530000001,13.0832052,80.1580553
551,13.0782052,13.088205199999999,80.16305530000001,80.1730553,13.0832052,80.1680553
552,13.0782052,13.088205199999999,80.1730553,80.1830553,13.0832052,80.17805530000001
553,13.0782052,13.088205199999999,80.1830553,80.1930553,13.0832052,80.1880553
554,13.0782052,13.088205199999999,80.1930553,80.2030553,13.0832052,80.19805530000001
555,13.0782052,13.088205199999999,80.2030553,80.21305530000001,13.0832052,80.2080553
556,13.0782052,13.088205199999999,80.21305530000001,80.2230553,13.0832052,80.2180553
557,13.0782052,13.088205199999999,80.2230553,80.2330553,13.0832052,80.22805530000001
558,13.0782052,13.088205199999999,80.2330553,80.24305530000001,13.0832052,80.2380553
559,13.0782052,13.088205199999999,80.24305530000001,80.2530553,13.0832052,80.2480553
560,13.0782052,13.088205199999999,80.2530553,80.2630553,13.0832052,80.25805530000001
561,13.0782052,13.088205199999999,80.2630553,80.27305530000001,13.0832052,80.2680553
562,13.0782052,13.088205199999999,80.27305530000001,80.2830553,13.0832052,80.2780553
563,13.0782052,13.088205199999999,80.2830553,80.2930553,13.0832052,80.28805530000001
564,13.0782052,13.088205199999999,80.2930553,80.30305530000001,13.0832052,80.2980553
565,13.0782052,13.088205199999999,80.30305530000001,80.3130553,13.0832052,80.3080553
566,13.0782052,13.088205199999999,80.3130553,80.32305530000001,13.0832052,80.3180553
567,13.0782052,13.088205199999999,80.32305530000001,80.328671,13.0832052,80.3280553
568,13.088205199999999,13.098205199999999,80.1230553,80.13305530000001,13.0932052,80.1280553
569,13.088205199999999,13.098205199999999,80.13305530000001,80.1430553,13.0932052,80.1380553
570,13.088205199999999,13.098205199999999,80.1430553,80.1530553,13.0932052,80.14805530000001
571,13.088205199999999,13.098205199999999,80.1530553,80.16305530000001,13.0932052,80.1580553
572,13.088205199999999,13.098205199999999,80.16305530000001,80.1730553,13.0932052,80.1680553
573,13.088205199999999,13.098205199999999,80.1730553,80.1830553,13.0932052,80.17805530000001
574,13.088205199999999,13.098205199999999,80.1830553,80.1930553,13.0932052,80.1880553
575,13.088205199999999,13.098205199999999,80.1930553,80.2030553,13.0932052,80.19805530000001
576,13.088205199999999,13.098205199999999,80.2030553,80.21305530000001,13.0932052,80.2080553
577,13.088205199999999,13.098205199999999,80.21305530000001,80.2230553,13.0932052,80.2180553
578,13.088205199999999,13.098205199999999,80.2230553,80.2330553,13.0932052,80.22805530000001
579,13.088205199999999,13.098205199999999,80.2330553,80.24305530000001,13.0932052,80.2380553
580,13.088205199999999,13.098205199999999,80.24305530000001,80.2530553,13.0932052,80.2480553
581,13.088205199999999,13.098205199999999,80.2530553,80.2630553,13.0932052,80.25805530000001
582,13.088205199999999,13.098205199999999,80.2630553,80.27305530000001,13.0932052,80.2680553
583,13.088205199999999,13.098205199999999,80.27305530000001,80.2830553,13.0932052,80.2780553
584,13.088205199999999,13.098205199999999,80.2830553,80.2930553,13.0932052,80.28805530000001
585,13.088205199999999,13.098205199999999,80.2930553,80.30305530000001,13.0932052,80.2980553
586,13.088205199999999,13.098205199999999,80.30305530000001,80.3130553,13.0932052,80.3080553
587,13.088205199999999,13.098205199999999,80.3130553,80.32305530000001,13.0932052,80.3180553
588,13.088205199999999,13.098205199999999,80.32305530000001,80.328671,13.0932052,80.3280553
589,13.098205199999999,13.108205199999999,80.1230553,80.13305530000001,13.1032052,80.1280553
590,13.098205199999999,13.108205199999999,80.13305530000001,80.1430553,13.1032052,80.1380553
591,13.098205199999999,13.108205199999999,80.1430553,80.1530553,13.1032052,80.14805530000001
592,13.098205199999999,13.108205199999999,80.1530553,80.16305530000001,13.1032052,80.1580553
593,13.098205199999999,13.108205199999999,80.16305530000001,80.1730553,13.1032052,80.1680553
594,13.098205199999999,13.108205199999999,80.1730553,80.1830553,13.1032052,80.17805530000001
595,13.098205199999999,13.108205199999999,80.1830553,80.1930553,13.1032052,80.1880553
596,13.098205199999999,13.108205199999999,80.1930553,80.2030553,13.1032052,80.19805530000001
597,13.098205199999999,13.108205199999999,80.2030553,80.21305530000001,13.1032052,80.2080553
598,13.098205199999999,13.108205199999999,80.21305530000001,80.2230553,13.1032052,80.2180553
599,13.098205199999999,13.108205199999999,80.2230553,80.2330553,13.1032052,80.22805530000001
600,13.098205199999999,13.108205199999999,80.2330553,80.24305530000001,13.1032052,80.2380553
601,13.098205199999999,13.108205199999999,80.24305530000001,80.2530553,13.1032052,80.2480553
602,13.098205199999999,13.108205199999999,80.2530553,80.2630553,13.1032052,80.25805530000001
603,13.098205199999999,13.108205199999999,80.2630553,80.27305530000001,13.1032052,80.2680553
604,13.098205199999999,13.108205199999999,80.27305530000001,80.2830553,13.1032052,80.2780553
605,13.098205199999999,13.108205199999999,80.2830553,80.2930553,13.1032052,80.28805530000001
606,13.098205199999999,13.108205199999999,80.2930553,80.30305530000001,13.1032052,80.2980553
607,13.098205199999999,13.108205199999999,80.30305530000001,80.3130553,13.1032052,80.3080553
608,13.098205199999999,13.108205199999999,80.3130553,80.32305530000001,13.1032052,80.3180553
609,13.098205199999999,13.108205199999999,80.32305530000001,80.328671,13.1032052,80.3280553
610,13.108205199999999,13.1182052,80.1230553,80.13305530000001,13.1132052,80.1280553
611,13.108205199999999,13.1182052,80.13305530000001,80.1430553,13.1132052,80.1380553
612,13.108205199999999,13.1182052,80.1430553,80.1530553,13.1132052,80.14805530000001
613,13.108205199999999,13.1182052,80.1530553,80.16305530000001,13.1132052,80.1580553
614,13.108205199999999,13.1182052,80.16305530000001,80.1730553,13.1132052,80.1680553
615,13.108205199999999,13.1182052,80.1730553,80.1830553,13.1132052,80.17805530000001
616,13.108205199999999,13.1182052,80.1830553,80.1930553,13.1132052,80.1880553
617,13.108205199999999,13.1182052,80.1930553,80.2030553,13.1132052,80.19805530000001
618,13.108205199999999,13.1182052,80.2030553,80.21305530000001,13.1132052,80.2080553
619,13.108205199999999,13.1182052,80.21305530000001,80.2230553,13.1132052,80.2180553
620,13.108205199999999,13.1182052,80.2230553,80.2330553,13.1132052,80.22805530000001
621,13.108205199999999,13.1182052,80.2330553,80.24305530000001,13.1132052,80.2380553
622,13.108205199999999,13.1182052,80.24305530000001,80.2530553,13.1132052,80.2480553
623,13.108205199999999,13.1182052,80.2530553,80.2630553,13.1132052,80.25805530000001
624,13.108205199999999,13.1182052,80.2630553,80.27305530000001,13.1132052,80.2680553
625,13.108205199999999,13.1182052,80.27305530000001,80.2830553,13.1132052,80.2780553
626,13.108205199999999,13.1182052,80.2830553,80.2930553,13.1132052,80.28805530000001
627,13.108205199999999,13.1182052,80.2930553,80.30305530000001,13.1132052,80.2980553
628,13.108205199999999,13.1182052,80.30305530000001,80.3130553,13.1132052,80.3080553
629,13.108205199999999,13.1182052,80.3130553,80.32305530000001,13.1132052,80.3180553
630,13.108205199999999,13.1182052,80.32305530000001,80.328671,13.1132052,80.3280553
631,13.1182052,13.1282052,80.1230553,80.13305530000001,13.1232052,80.1280553
632,13.1182052,13.1282052,80.13305530000001,80.1430553,13.1232052,80.1380553
633,13.1182052,13.1282052,80.1430553,80.1530553,13.1232052,80.14805530000001
634,13.1182052,13.1282052,80.1530553,80.16305530000001,13.1232052,80.1580553
635,13.1182052,13.1282052,80.16305530000001,80.1730553,13.1232052,80.1680553
636,13.1182052,13.1282052,80.1730553,80.1830553,13.1232052,80.17805530000001
637,13.1182052,13.1282052,80.1830553,80.1930553,13.1232052,80.1880553
638,13.1182052,13.1282052,80.1930553,80.2030553,13.1232052,80.19805530000001
639,13.1182052,13.1282052,80.2030553,80.21305530000001,13.1232052,80.2080553
640,13.1182052,13.1282052,80.21305530000001,80.2230553,13.1232052,80.2180553
641,13.1182052,13.1282052,80.2230553,80.2330553,13.1232052,80.22805530000001
642,13.1182052,13.1282052,80.2330553,80.24305530000001,13.1232052,80.2380553
643,13.1182052,13.1282052,80.24305530000001,80.2530553,13.1232052,80.2480553
644,13.1182052,13.1282052,80.2530553,80.2630553,13.1232052,80.25805530000001
645,13.1182052,13.1282052,80.2630553,80.27305530000001,13.1232052,80.2680553
646,13.1182052,13.1282052,80.27305530000001,80.2830553,13.1232052,80.2780553
647,13.1182052,13.1282052,80.2830553,80.2930553,13.1232052,80.28805530000001
648,13.1182052,13.1282052,80.2930553,80.30305530000001,13.1232052,80.2980553
649,13.1182052,13.1282052,80.30305530000001,80.3130553,13.1232052,80.3080553
650,13.1182052,13.1282052,80.3130553,80.32305530000001,13.1232052,80.3180553
651,13.1182052,13.1282052,80.32305530000001,80.328671,13.1232052,80.3280553
652,13.1282052,13.1382052,80.1230553,80.13305530000001,13.133205199999999,80.1280553
653,13.1282052,13.1382052,80.13305530000001,80.1430553,13.133205199999999,80.1380553
654,13.1282052,13.1382052,80.1430553,80.1530553,13.133205199999999,80.14805530000001
655,13.1282052,13.1382052,80.1530553,80.16305530000001,13.133205199999999,80.1580553
656,13.1282052,13.1382052,80.16305530000001,80.1730553,13.133205199999999,80.1680553
657,13.1282052,13.1382052,80.1730553,80.1830553,13.133205199999999,80.17805530000001
658,13.1282052,13.1382052,80.1830553,80.1930553,13.133205199999999,80.1880553
659,13.1282052,13.1382052,80.1930553,80.2030553,13.133205199999999,80.19805530000001
660,13.1282052,13.1382052,80.2030553,80.21305530000001,13.133205199999999,80.2080553
661,13.1282052,13.1382052,80.21305530000001,80.2230553,13.133205199999999,80.2180553
662,13.1282052,13.1382052,80.2230553,80.2330553,13.133205199999999,80.22805530000001
663,13.1282052,13.1382052,80.2330553,80.24305530000001,13.133205199999999,80.2380553
664,13.1282052,13.1382052,80.24305530000001,80.2530553,13.133205199999999,80.2480553
665,13.1282052,13.1382052,80.2530553,80.2630553,13.133205199999999,80.25805530000001
666,13.1282052,13.1382052,80.2630553,80.27305530000001,13.133205199999999,80.2680553
667,13.1282052,13.1382052,80.27305530000001,80.2830553,13.133205199999999,80.2780553
668,13.1282052,13.1382052,80.2830553,80.2930553,13.133205199999999,80.28805530000001
669,13.1282052,13.1382052,80.2930553,80.30305530000001,13.133205199999999,80.2980553
670,13.1282052,13.1382052,80.30305530000001,80.3130553,13.133205199999999,80.3080553
671,13.1282052,13.1382052,80.3130553,80.32305530000001,13.133205199999999,80.3180553
672,13.1282052,13.1382052,80.32305530000001,80.328671,13.133205199999999,80.3280553
673,13.1382052,13.1482052,80.1230553,80.13305530000001,13.143205199999999,80.1280553
674,13.1382052,13.1482052,80.13305530000001,80.1430553,13.143205199999999,80.1380553
675,13.1382052,13.1482052,80.1430553,80.1530553,13.143205199999999,80.14805530000001
676,13.1382052,13.1482052,80.1530553,80.16305530000001,13.143205199999999,80.1580553
677,13.1382052,13.1482052,80.16305530000001,80.1730553,13.143205199999999,80.1680553
678,13.1382052,13.1482052,80.1730553,80.1830553,13.143205199999999,80.17805530000001
679,13.1382052,13.1482052,80.1830553,80.1930553,13.143205199999999,80.1880553
680,13.1382052,13.1482052,80.1930553,80.2030553,13.143205199999999,80.19805530000001
681,13.1382052,13.1482052,80.2030553,80.21305530000001,13.143205199999999,80.2080553
682,13.1382052,13.1482052,80.21305530000001,80.2230553,13.143205199999999,80.2180553
683,13.1382052,13.1482052,80.2230553,80.2330553,13.143205199999999,80.22805530000001
684,13.1382052,13.1482052,80.2330553,80.24305530000001,13.143205199999999,80.2380553
685,13.1382052,13.1482052,80.24305530000001,80.2530553,13.143205199999999,80.2480553
686,13.1382052,13.1482052,80.2530553,80.2630553,13.143205199999999,80.25805530000001
687,13.1382052,13.1482052,80.2630553,80.27305530000001,13.143205199999999,80.2680553
688,13.1382052,13.1482052,80.27305530000001,80.2830553,13.143205199999999,80.2780553
689,13.1382052,13.1482052,80.2830553,80.2930553,13.143205199999999,80.28805530000001
690,13.1382052,13.1482052,80.2930553,80.30305530000001,13.143205199999999,80.2980553
691,13.1382052,13.1482052,80.30305530000001,80.3130553,13.143205199999999,80.3080553
692,13.1382052,13.1482052,80.3130553,80.32305530000001,13.143205199999999,80.3180553
693,13.1382052,13.1482052,80.32305530000001,80.328671,13.143205199999999,80.3280553
694,13.1482052,13.1582052,80.1230553,80.13305530000001,13.1532052,80.1280553
695,13.1482052,13.1582052,80.13305530000001,80.1430553,13.1532052,80.1380553
696,13.1482052,13.1582052,80.1430553,80.1530553,13.1532052,80.14805530000001
697,13.1482052,13.1582052,80.1530553,80.16305530000001,13.1532052,80.1580553
698,13.1482052,13.1582052,80.16305530000001,80.1730553,13.1532052,80.1680553
699,13.1482052,13.1582052,80.1730553,80.1830553,13.1532052,80.17805530000001
700,13.1482052,13.1582052,80.1830553,80.1930553,13.1532052,80.1880553
701,13.1482052,13.1582052,80.1930553,80.2030553,13.1532052,80.19805530000001
702,13.1482052,13.1582052,80.2030553,80.21305530000001,13.1532052,80.2080553
703,13.1482052,13.1582052,80.21305530000001,80.2230553,13.1532052,80.2180553
704,13.1482052,13.1582052,80.2230553,80.2330553,13.1532052,80.22805530000001
705,13.1482052,13.1582052,80.2330553,80.24305530000001,13.1532052,80.2380553
706,13.1482052,13.1582052,80.24305530000001,80.2530553,13.1532052,80.2480553
707,13.1482052,13.1582052,80.2530553,80.2630553,13.1532052,80.25805530000001
708,13.1482052,13.1582052,80.2630553,80.27305530000001,13.1532052,80.2680553
709,13.1482052,13.1582052,80.27305530000001,80.2830553,13.1532052,80.2780553
710,13.1482052,13.1582052,80.2830553,80.2930553,13.1532052,80.28805530000001
711,13.1482052,13.1582052,80.2930553,80.30305530000001,13.1532052,80.2980553
712,13.1482052,13.1582052,80.30305530000001,80.3130553,13.1532052,80.3080553
713,13.1482052,13.1582052,80.3130553,80.32305530000001,13.1532052,80.3180553
714,13.1482052,13.1582052,80.32305530000001,80.328671,13.1532052,80.3280553
715,13.1582052,13.1682052,80.1230553,80.13305530000001,13.1632052,80.1280553
716,13.1582052,13.1682052,80.13305530000001,80.1430553,13.1632052,80.1380553
717,13.1582052,13.1682052,80.1430553,80.1530553,13.1632052,80.14805530000001
718,13.1582052,13.1682052,80.1530553,80.16305530000001,13.1632052,80.1580553
719,13.1582052,13.1682052,80.16305530000001,80.1730553,13.1632052,80.1680553
720,13.1582052,13.1682052,80.1730553,80.1830553,13.1632052,80.17805530000001
721,13.1582052,13.1682052,80.1830553,80.1930553,13.1632052,80.1880553
722,13.1582052,13.1682052,80.1930553,80.2030553,13.1632052,80.19805530000001
723,13.1582052,13.1682052,80.2030553,80.21305530000001,13.1632052,80.2080553
724,13.1582052,13.1682052,80.21305530000001,80.2230553,13.1632052,80.2180553
725,13.1582052,13.1682052,80.2230553,80.2330553,13.1632052,80.22805530000001
726,13.1582052,13.1682052,80.2330553,80.24305530000001,13.1632052,80.2380553
727,13.1582052,13.1682052,80.24305530000001,80.2530553,13.1632052,80.2480553
728,13.1582052,13.1682052,80.2530553,80.2630553,13.1632052,80.25805530000001
729,13.1582052,13.1682052,80.2630553,80.27305530000001,13.1632052,80.2680553
730,13.1582052,13.1682052,80.27305530000001,80.2830553,13.1632052,80.2780553
731,13.1582052,13.1682052,80.2830553,80.2930553,13.1632052,80.28805530000001
732,13.1582052,13.1682052,80.2930553,80.30305530000001,13.1632052,80.2980553
733,13.1582052,13.1682052,80.30305530000001,80.3130553,13.1632052,80.3080553
734,13.1582052,13.1682052,80.3130553,80.32305530000001,13.1632052,80.3180553
735,13.1582052,13.1682052,80.32305530000001,80.328671,13.1632052,80.3280553
736,13.1682052,13.178205199999999,80.1230553,80.13305530000001,13.1732052,80.1280553
737,13.1682052,13.178205199999999,80.13305530000001,80.1430553,13.1732052,80.1380553
738,13.1682052,13.178205199999999,80.1430553,80.1530553,13.1732052,80.14805530000001
739,13.1682052,13.178205199999999,80.1530553,80.16305530000001,13.1732052,80.1580553
740,13.1682052,13.178205199999999,80.16305530000001,80.1730553,13.1732052,80.1680553
741,13.1682052,13.178205199999999,80.1730553,80.1830553,13.1732052,80.17805530000001
742,13.1682052,13.178205199999999,80.1830553,80.1930553,13.1732052,80.1880553
743,13.1682052,13.178205199999999,80.1930553,80.2030553,13.1732052,80.19805530000001
744,13.1682052,13.178205199999999,80.2030553,80.21305530000001,13.1732052,80.2080553
745,13.1682052,13.178205199999999,80.21305530000001,80.2230553,13.1732052,80.2180553
746,13.1682052,13.178205199999999,80.2230553,80.2330553,13.1732052,80.22805530000001
747,13.1682052,13.178205199999999,80.2330553,80.24305530000001,13.1732052,80.2380553
748,13.1682052,13.178205199999999,80.24305530000001,80.2530553,13.1732052,80.2480553
749,13.1682052,13.178205199999999,80.2530553,80.2630553,13.1732052,80.25805530000001
750,13.1682052,13.178205199999999,80.2630553,80.27305530000001,13.1732052,80.2680553
751,13.1682052,13.178205199999999,80.27305530000001,80.2830553,13.1732052,80.2780553
752,13.1682052,13.178205199999999,80.2830553,80.2930553,13.1732052,80.28805530000001
753,13.1682052,13.178205199999999,80.2930553,80.30305530000001,13.1732052,80.2980553
754,13.1682052,13.178205199999999,80.30305530000001,80.3130553,13.1732052,80.3080553
755,13.1682052,13.178205199999999,80.3130553,80.32305530000001,13.1732052,80.3180553
756,13.1682052,13.178205199999999,80.32305530000001,80.328671,13.1732052,80.3280553
757,13.178205199999999,13.188205199999999,80.1230553,80.13305530000001,13.1832052,80.1280553
758,13.178205199999999,13.188205199999999,80.13305530000001,80.1430553,13.1832052,80.1380553
759,13.178205199999999,13.188205199999999,80.1430553,80.1530553,13.1832052,80.14805530000001
760,13.178205199999999,13.188205199999999,80.1530553,80.16305530000001,13.1832052,80.1580553
761,13.178205199999999,13.188205199999999,80.16305530000001,80.1730553,13.1832052,80.1680553
762,13.178205199999999,13.188205199999999,80.1730553,80.1830553,13.1832052,80.17805530000001
763,13.178205199999999,13.188205199999999,80.1830553,80.1930553,13.1832052,80.1880553
764,13.178205199999999,13.188205199999999,80.1930553,80.2030553,13.1832052,80.19805530000001
765,13.178205199999999,13.188205199999999,80.2030553,80.21305530000001,13.1832052,80.2080553
766,13.178205199999999,13.188205199999999,80.21305530000001,80.2230553,13.1832052,80.2180553
767,13.178205199999999,13.188205199999999,80.2230553,80.2330553,13.1832052,80.22805530000001
768,13.178205199999999,13.188205199999999,80.2330553,80.24305530000001,13.1832052,80.2380553
769,13.178205199999999,13.188205199999999,80.24305530000001,80.2530553,13.1832052,80.2480553
770,13.178205199999999,13.188205199999999,80.2530553,80.2630553,13.1832052,80.25805530000001
771,13.178205199999999,13.188205199999999,80.2630553,80.27305530000001,13.1832052,80.2680553
772,13.178205199999999,13.188205199999999,80.27305530000001,80.2830553,13.1832052,80.2780553
773,13.178205199999999,13.188205199999999,80.2830553,80.2930553,13.1832052,80.28805530000001
774,13.178205199999999,13.188205199999999,80.2930553,80.30305530000001,13.1832052,80.2980553
775,13.178205199999999,13.188205199999999,80.30305530000001,80.3130553,13.1832052,80.3080553
776,13.178205199999999,13.188205199999999,80.3130553,80.32305530000001,13.1832052,80.3180553
777,13.178205199999999,13.188205199999999,80.32305530000001,80.328671,13.1832052,80.3280553
778,13.188205199999999,13.1982052,80.1230553,80.13305530000001,13.1932052,80.1280553
779,13.188205199999999,13.1982052,80.13305530000001,80.1430553,13.1932052,80.1380553
780,13.188205199999999,13.1982052,80.1430553,80.1530553,13.1932052,80.14805530000001
781,13.188205199999999,13.1982052,80.1530553,80.16305530000001,13.1932052,80.1580553
782,13.188205199999999,13.1982052,80.16305530000001,80.1730553,13.1932052,80.1680553
783,13.188205199999999,13.1982052,80.1730553,80.1830553,13.1932052,80.17805530000001
784,13.188205199999999,13.1982052,80.1830553,80.1930553,13.1932052,80.1880553
785,13.188205199999999,13.1982052,80.1930553,80.2030553,13.1932052,80.19805530000001
786,13.188205199999999,13.1982052,80.2030553,80.21305530000001,13.1932052,80.2080553
787,13.188205199999999,13.1982052,80.21305530000001,80.2230553,13.1932052,80.2180553
788,13.188205199999999,13.1982052,80.2230553,80.2330553,13.1932052,80.22805530000001
789,13.188205199999999,13.1982052,80.2330553,80.24305530000001,13.1932052,80.2380553
790,13.188205199999999,13.1982052,80.24305530000001,80.2530553,13.1932052,80.2480553
791,13.188205199999999,13.1982052,80.2530553,80.2630553,13.1932052,80.25805530000001
792,13.188205199999999,13.1982052,80.2630553,80.27305530000001,13.1932052,80.2680553
793,13.188205199999999,13.1982052,80.27305530000001,80.2830553,13.1932052,80.2780553
794,13.188205199999999,13.1982052,80.2830553,80.2930553,13.1932052,80.28805530000001
795,13.188205199999999,13.1982052,80.2930553,80.30305530000001,13.1932052,80.2980553
796,13.188205199999999,13.1982052,80.30305530000001,80.3130553,13.1932052,80.3080553
797,13.188205199999999,13.1982052,80.3130553,80.32305530000001,13.1932052,80.3180553
798,13.188205199999999,13.1982052,80.32305530000001,80.328671,13.1932052,80.3280553
799,13.1982052,13.2082052,80.1230553,80.13305530000001,13.2032052,80.1280553
800,13.1982052,13.2082052,80.13305530000001,80.1430553,13.2032052,80.1380553
801,13.1982052,13.2082052,80.1430553,80.1530553,13.2032052,80.14805530000001
802,13.1982052,13.2082052,80.1530553,80.16305530000001,13.2032052,80.1580553
803,13.1982052,13.2082052,80.16305530000001,80.1730553,13.2032052,80.1680553
804,13.1982052,13.2082052,80.1730553,80.1830553,13.2032052,80.17805530000001
805,13.1982052,13.2082052,80.1830553,80.1930553,13.2032052,80.1880553
806,13.1982052,13.2082052,80.1930553,80.2030553,13.2032052,80.19805530000001
807,13.1982052,13.2082052,80.2030553,80.21305530000001,13.2032052,80.2080553
808,13.1982052,13.2082052,80.21305530000001,80.2230553,13.2032052,80.2180553
809,13.1982052,13.2082052,80.2230553,80.2330553,13.2032052,80.22805530000001
810,13.1982052,13.2082052,80.2330553,80.24305530000001,13.2032052,80.2380553
811,13.1982052,13.2082052,80.24305530000001,80.2530553,13.2032052,80.2480553
812,13.1982052,13.2082052,80.2530553,80.2630553,13.2032052,80.25805530000001
813,13.1982052,13.2082052,80.2630553,80.27305530000001,13.2032052,80.2680553
814,13.1982052,13.2082052,80.27305530000001,80.2830553,13.2032052,80.2780553
815,13.1982052,13.2082052,80.2830553,80.2930553,13.2032052,80.28805530000001
816,13.1982052,13.2082052,80.2930553,80.30305530000001,13.2032052,80.2980553
817,13.1982052,13.2082052,80.30305530000001,80.3130553,13.2032052,80.3080553
818,13.1982052,13.2082052,80.3130553,80.32305530000001,13.2032052,80.3180553
819,13.1982052,13.2082052,80.32305530000001,80.328671,13.2032052,80.3280553
820,13.2082052,13.2182052,80.1230553,80.13305530000001,13.213205199999999,80.1280553
821,13.2082052,13.2182052,80.13305530000001,80.1430553,13.213205199999999,80.1380553
822,13.2082052,13.2182052,80.1430553,80.1530553,13.213205199999999,80.14805530000001
823,13.2082052,13.2182052,80.1530553,80.16305530000001,13.213205199999999,80.1580553
824,13.2082052,13.2182052,80.16305530000001,80.1730553,13.213205199999999,80.1680553
825,13.2082052,13.2182052,80.1730553,80.1830553,13.213205199999999,80.17805530000001
826,13.2082052,13.2182052,80.1830553,80.1930553,13.213205199999999,80.1880553
827,13.2082052,13.2182052,80.1930553,80.2030553,13.213205199999999,80.19805530000001
828,13.2082052,13.2182052,80.2030553,80.21305530000001,13.213205199999999,80.2080553
829,13.2082052,13.2182052,80.21305530000001,80.2230553,13.213205199999999,80.2180553
830,13.2082052,13.2182052,80.2230553,80.2330553,13.213205199999999,80.22805530000001
831,13.2082052,13.2182052,80.2330553,80.24305530000001,13.213205199999999,80.2380553
832,13.2082052,13.2182052,80.24305530000001,80.2530553,13.213205199999999,80.2480553
833,13.2082052,13.2182052,80.2530553,80.2630553,13.213205199999999,80.25805530000001
834,13.2082052,13.2182052,80.2630553,80.27305530000001,13.213205199999999,80.2680553
835,13.2082052,13.2182052,80.27305530000001,80.2830553,13.213205199999999,80.2780553
836,13.2082052,13.2182052,80.2830553,80.2930553,13.213205199999999,80.28805530000001
837,13.2082052,13.2182052,80.2930553,80.30305530000001,13.213205199999999,80.2980553
838,13.2082052,13.2182052,80.30305530000001,80.3130553,13.213205199999999,80.3080553
839,13.2082052,13.2182052,80.3130553,80.32305530000001,13.213205199999999,80.3180553
840,13.2082052,13.2182052,80.32305530000001,80.328671,13.213205199999999,80.3280553
841,13.2182052,13.2270412,80.1230553,80.13305530000001,13.223205199999999,80.1280553
842,13.2182052,13.2270412,80.13305530000001,80.1430553,13.223205199999999,80.1380553
843,13.2182052,13.2270412,80.1430553,80.1530553,13.223205199999999,80.14805530000001
844,13.2182052,13.2270412,80.1530553,80.16305530000001,13.223205199999999,80.1580553
845,13.2182052,13.2270412,80.16305530000001,80.1730553,13.223205199999999,80.1680553
846,13.2182052,13.2270412,80.1730553,80.1830553,13.223205199999999,80.17805530000001
847,13.2182052,13.2270412,80.1830553,80.1930553,13.223205199999999,80.1880553
848,13.2182052,13.2270412,80.1930553,80.2030553,13.223205199999999,80.19805530000001
849,13.2182052,13.2270412,80.2030553,80.21305530000001,13.223205199999999,80.2080553
850,13.2182052,13.2270412,80.21305530000001,80.2230553,13.223205199999999,80.2180553
851,13.2182052,13.2270412,80.2230553,80.2330553,13.223205199999999,80.22805530000001
852,13.2182052,13.2270412,80.2330553,80.24305530000001,13.223205199999999,80.2380553
853,13.2182052,13.2270412,80.24305530000001,80.2530553,13.223205199999999,80.2480553
854,13.2182052,13.2270412,80.2530553,80.2630553,13.223205199999999,80.25805530000001
855,13.2182052,13.2270412,80.2630553,80.27305530000001,13.223205199999999,80.2680553
856,13.2182052,13.2270412,80.27305530000001,80.2830553,13.223205199999999,80.2780553
857,13.2182052,13.2270412,80.2830553,80.2930553,13.223205199999999,80.28805530000001
858,13.2182052,13.2270412,80.2930553,80.30305530000001,13.223205199999999,80.2980553
859,13.2182052,13.2270412,80.30305530000001,80.3130553,13.223205199999999,80.3080553
860,13.2182052,13.2270412,80.3130553,80.32305530000001,13.223205199999999,80.3180553
861,13.2182052,13.2270412,80.32305530000001,80.328671,13.223205199999999,80.3280553
