"F_LATITUDE","OBJECTID","F_REMARKS","F_ID","F_LONGITUDE","OBJECTID_1","DEPTH"
"12.99890552","37","completely  inundated  with flood water","40","80.207447","37","7"
"12.99925997","38","partially flooded","41","80.2075221","38","6.5"
"13.00254573","39","partially flooded","42","80.2087814","39","6"
"12.99995025","40","partially flooded","43","80.20772696","40","6.5"
"12.97839607","41","partially  inundated one side of the road","44","80.20419817","41","6.5"
"12.97323496","42","partially flooded one side of the road","45","80.21074276","42","5.5"
"12.96137578","43","partially inundated on sides of the road","47","80.21517478","43","7"
"12.95736183","44","partially inundated on the side of the road","48","80.21355975","44","6.5"
"12.97256094","45","partially inundated on the road","49","80.21946564","45","6"
"12.97270535","46","partially inundated on the road","50","80.21950521","46","6"
"12.97379299","47","partially inundated on the road","51","80.21866065","47","6"
"12.97547983","48","partially inundated on the road","52","80.22072293","48","6.5"
"12.97555693","49","partially inundated on the road side","53","80.22076853","49","6"
"12.97610941","50","partially inundated on the road near bus stand","54","80.22118963","50","6"
"12.97617279","51","partially flooded on the road","55","80.22126641","51","5.5"
"12.97622572","52","partially inundated on sides of the road","56","80.22122987","52","6"
"12.97753159","53","partially inundated on the road side","57","80.22123925","53","6"
"12.97749761","54","partially flooded","58","80.22125937","54","6"
"12.978268","55","partially flooded on the road side","59","80.22121076","55","6"
"12.97865319","56","partially inundated on the road side","60","80.22120036","56","6"
"12.97996134","57","flood inundated on the road","61","80.22106793","57","6"
"12.98029981","58","flood inundated on the road near tneb office","62","80.22100825","58","9"
"12.98083365","59","partially flooded","63","80.22096667","59","8"
"12.98094931","60","partially flooded on the road","64","80.22101026","60","9"
"12.98102641","61","partially flooded","65","80.22105418","61","9.5"
"12.98113324","62","partially flooded","66","80.22108268","62","7.5"
"12.97438468","63","partially flooded","67","80.22041917","63","6"
"12.9636665","64","partially flooded on the road near bus stop","68","80.21545239","64","5.5"
"12.96374525","65","partially flooded on the road side","69","80.21517377","65","5.5"
"12.96467937","66","completely flooded  on the road junction","70","80.1961197","66","6.5"
"12.96464147","67","partially flooded on the road side","71","80.19598592","67","5.5"
"12.96464669","68","food water completely  inundate and cause road block sometimes","72","80.1959135","68","17"
"12.96515214","69","partially flooded on the road side","73","80.19233543","69","5.7"
"12.96521912","70","partially flooded on the road side","74","80.19208733","70","5.5"
"12.99677716","82","partially  covered  one side of the road","86","80.24918921","82","7"
"12.99670431","83","partially flooded covering one side of the road","87","80.24920732","83","6"
"13.00688792","84","partially  flooded  covering  flyover  entry","88","80.24010926","84","7"
"12.97966665","85","completely flooded  and drain within 2 hours","89","80.2432156","85","29"
"12.97832746","86","completely flooded bocking railway  station exit upto 1 feet","90","80.23890059","86","17"
"12.97820331","87","completely flooded","91","80.23972739","87","10.5"
"12.97802003","88","completely flooded upto 12","92","80.24108056","88","6"
"12.97807818","89","completely flooded upto10","93","80.24142824","89","5"
"12.9782056","90","completely flooded bocking railway station entrance  upto 2 feet","94","80.24187349","90","6"
"12.97840391","91","completely inundated","95","80.24251923","91","7"
"12.97853786","92","completely flooded bocking railway station entrance  upto 1 feet","96","80.2430483","92","7"
"12.97838921","93","completely flooded  upto 1.5 feet reported drain in 2 hours","97","80.24317469","93","20"
"12.97881099","94","completely flooded  reported","98","80.24313781","94","20"
"12.97835948","95","railway station covered by flood upto 1 feet","99","80.24098601","95","16"
"12.97510803","96","completely flooded upto  1 feet and drain in 2 hours","100","80.24406251","96","9"
"12.97485907","97","completely flooded upto 1 feet","101","80.24414532","97","5"
"12.97464049","98","completely flooded","102","80.24420165","98","7"
"12.93575135","99","flood water inundated  into road juction","103","80.23390364","99","6"
"12.91398442","100","inundated  into road  covering junction","104","80.22935662","100","6.5"
"12.91143181","115","partially inundated on the junction","119","80.19584745","115","6"
"12.91137396","116","partially inundated","120","80.1959021","116","6"
"12.92707258","21","one side of the road got partially  flood","24","80.19776087","21","6"
"12.92773986","22","connecting road junction got flooded","25","80.19821215","22","6"
"12.9358912","23","main road got partially  flooded and connection got afffected","26","80.20432625","23","8.5"
"12.94048943","24","partially  flooded  covering  half of the road on both side","27","80.20571563","24","6"
"12.94122039","25","both side of the road got flooded","28","80.20599324","25","6.5"
"12.95129029","26","service road joining main road  got partially  flooded","29","80.21098584","26","6.5"
"12.97331664","27","partially flooded","30","80.21969497","27","6"
"12.97614633","28","partially flooded","31","80.2198958","28","6.5"
"12.97631197","29","road got completely  flooed","32","80.21930739","29","7"
"12.97799422","30","partially  side of the road got flooded","33","80.21909986","30","8"
"12.99742628","31","completely  flooded","34","80.21617256","31","29"
"13.00670237","32","partially  flooded  covering  one side  of the road","35","80.21266423","32","6"
"13.0098038","33","flood water completely  get inundated  into the road","36","80.21502256","33","15"
"12.99558246","34","flood water inundate upto 2feet in subway","37","80.20116225","34","7"
"12.99718258","35","partially flooded covering half road","38","80.2070906","35","9.5"
"12.99740962","36","partially flooded","39","80.20712782","36","7.5"
"12.94871485","185","completely inundated covering entirely- traffic inspector record","190","80.20184319","185","60"
"12.94871649","186","completely inundated covering entirely","191","80.20291675","186","40"
"12.94876125","187","completely inundated  covering entirely","192","80.20352729","187","15"
"12.97255277","188","completely inundated","193","80.19142818","188","14"
"12.98530135","189","completely inundated subway blocked","194","80.17683998","189","35"
"12.98922501","190","completely inundated subways blocked","195","80.18541198","190","35"
"12.97686869","191","completely inundated","196","80.1935022","191","14"
"12.97770834","192","","197","80.19380596","192","5"
"12.97949839","193","completely inundated","198","80.19460358","193","15"
"12.98092971","194","completely inundated","199","80.19526441","194","11"
"12.98199608","195","completely inundated","200","80.19589942","195","10"
"12.95934218","196","completely inundated and drain in 4 hours","201","80.24459191","196","15"
"12.95902296","197","completely inundated","202","80.24447858","197","13"
"12.95875634","198","completely inundated","203","80.24434246","198","10"
"12.96233213","199","completely inundated","204","80.24597425","199","13"
"13.03326511","200","completely inundated blocking connection road","205","80.20966519","200","7"
"13.03337878","201","partially inundated","206","80.20970542","201","7.8"
"13.03347906","202","partially inundated","207","80.20972352","202","7"
"13.03314752","203","partially inundated","208","80.20967625","203","7.5"
"13.03524944","204","completely inundated  blocking road","209","80.20977851","204","21"
"13.03509069","205","completely inundated  blocking road reported","210","80.20992771","205","15"
"13.03666573","206","completely inundated","211","80.21224346","206","13"
"13.03682611","207","completely inundated","212","80.21225151","207","11"
"13.03689078","208","completely inundated covering entirely junction","213","80.21223843","208","13"
"13.03706226","209","partially inundated covering one lane","214","80.21225553","209","11"
"13.03737681","210","partially inundated covering one lane","215","80.21225922","210","11"
"13.03765445","211","partially inundated covering one lane","216","80.21225452","211","11"
"13.03690417","212","completely inundated","217","80.21207515","212","15"
"13.03554962","213","completely inundated","218","80.20695616","213","11"
"13.0356316","214","completely inundated","219","80.20589802","214","11"
"13.03607256","215","completely inundated","220","80.20274777","215","14"
"13.03663405","216","completely inundated","221","80.19968636","216","15"
"13.0372798","217","completely inundated","222","80.19529894","217","14"
"13.03729809","218","completely inundated","223","80.20456363","218","16"
"13.04049353","219","completely inundated","224","80.20510074","219","16"
"13.03851317","220","tree fall","225","80.2084877","220","5"
"13.04044258","221","completely inundated","226","80.20873312","221","8.5"
"13.04134636","222","completely inundated","227","80.20884611","222","10"
"13.04187713","223","completely inundated","228","80.20896513","223","15"
"13.04313399","224","completely inundated","229","80.2091093","224","11"
"13.03779327","225","completely inundated","230","80.21318257","225","8"
"13.03841877","226","completely inundated","231","80.21368448","226","9"
"13.03906975","227","completely inundated","232","80.21412872","227","9"
"13.03939311","228","completely inundated covering  junction","233","80.21418136","228","9"
"13.03987947","229","completely inundated","234","80.21467086","229","9"
"13.04052979","230","completely inundated  raised upto 10","235","80.21511275","230","9"
"13.04337308","231","completely inundated","236","80.21982808","231","8"
"13.04304286","232","completely inundated","237","80.22149339","232","11"
"13.04204894","233","completely inundated","238","80.22540171","233","11"
"13.04179743","234","completely inundated","239","80.22642028","234","11"
"13.04126503","235","completely inundated  and subway closed","240","80.22883125","235","60"
"13.04224263","236","completely inundated junction","241","80.22493768","236","9"
"13.04531127","237","completely inundated","242","80.22578862","237","11"
"13.04620557","238","","243","80.2260793","238","11"
"13.04669354","239","completely inundated","244","80.22620972","239","11"
"13.0467471","240","completely inundated blocking junction","245","80.22603907","240","11"
"13.04743791","241","completely inundated","246","80.23296855","241","13"
"13.04691597","242","completely inundated","247","80.23300476","242","9"
"13.0435978","243","completely inundated","248","80.2324757","243","11"
"13.04528841","244","completely inundated","249","80.23285322","244","11"
"13.04845337","245","completely inundated","250","80.23321934","245","11"
"13.05005478","246","","251","80.23341246","246","5"
"13.05311549","247","completely inundated","252","80.23425534","247","12"
"13.04524954","248","completely inundated under flyover upto 7","253","80.24009485","248","9"
"13.04495068","249","","254","80.24028931","249","11"
"13.04463679","250","completely inundated under flyover upto  8","255","80.23957115","250","8"
"13.03507697","251","completely inundated","256","80.23046203","251","10"
"13.03451026","252","completely inundated upto 10","257","80.23039967","252","8"
"13.03510898","253","completely inundated upto 10","258","80.23011334","253","8"
"13.03695578","254","completely inundated upto 15inches","259","80.23604203","254","20"
"13.03987881","255","completely inundated upto 10 inch reported","260","80.24318475","255","15"
"13.05355413","256","partially inundated","261","80.23588646","256","7"
"13.05406887","257","partially inundated","262","80.22836655","257","7"
"13.05374324","258","partially inundated reported upto 7","263","80.22576313","258","10"
"13.05082494","259","completely inundated","264","80.21998633","259","9"
"13.04747841","260","completely inundated","265","80.21900799","260","9"
"13.04405802","261","completely inundated","266","80.21764576","261","9"
"13.05184169","262","completely inundated covering entirely road","267","80.21855704","262","12"
"13.0509079","263","completely inundated covering entirely road","268","80.21579504","263","12"
"13.05013643","264","completely flooded bocking entire road","269","80.21369621","264","11"
"13.16460964","267","road damage and water stagnant","3","80.20662121","267","7"
"13.16327701","268","water stagnant and drainage water into the road","4","80.20877436","268","7"
"13.16212262","269","road damage","5","80.20877671","269","7.5"
"13.16246639","270","road damage and water stagnant","6","80.20876497","270","7.5"
"13.16081641","271","road damage and water stagnant","7","80.20790633","271","9"
"13.15282364","272","water stagnant","8","80.20872172","272","9"
"13.1449155","273","water stagnant and road damage","9","80.22320095","273","11"
"13.14405618","274","water stagnant and drainage water into the road and road closed","10","80.25435783","274","13"
"13.14471961","275","water stagnant","11","80.25442421","275","9.5"
"13.15392127","276","water stagnant","12","80.25701355","276","11"
"13.15396535","277","water stagnant","13","80.25743734","277","8.5"
"13.15609627","278","","14","80.26105799","278","7.5"
"13.15319551","279","water stagnant","15","80.25757045","279","10"
"13.15147332","280","water stagnant","16","80.25796104","280","11"
"13.14891401","281","water stagnant","17","80.25815751","281","11"
"13.14999239","282","water stagnant","18","80.25844619","282","15"
"13.13087859","283","water stagnant","19","80.2007921","283","13"
"13.13325688","284","water stagnant","20","80.1941523","284","10"
"13.12972731","285","","21","80.19382339","285","11"
"13.14536116","286","water stagnant","22","80.2189292","286","9.5"
"13.14618686","287","water stagnant","23","80.21778021","287","11"
"13.14198196","288","water stagnant","24","80.1855481","288","9"
"13.14069426","289","water stagnant","25","80.18615294","289","9.5"
"13.1321301","290","water stagnant","26","80.1708952","290","11"
"13.12221384","291","water stagnant and water from the park lake","27","80.16743749","291","10"
"13.1195037","292","water stagnant and drainage water into the road","28","80.16857006","292","9"
"13.11734406","293","water stagnant and damage roads","29","80.16902804","293","8"
"13.12338344","294","water stagnant","30","80.20153608","294","10"
"13.01543879","318","Water stagnant","29","80.18901352","318","5"
"13.01595361","319","Water flow","30","80.18160861","319","5"
"13.100092","397","water stagnant","110","80.16768359","397","8"
"13.09961687","398","","111","80.17087173","398","5"
"13.0995692","399","water stagnant","112","80.17204821","399","10"
"13.10198468","400","water stagnant","113","80.21483783","400","12"
"13.1026208","401","water stagnant","114","80.20937316","401","8"
"13.10560967","402","water stagnant","115","80.20929169","402","7"
"13.10556951","403","water stagnant","116","80.21083999","403","8"
"13.10585295","404","water stagnant","117","80.20727534","404","9"
"13.10530468","405","water stagnant","118","80.20719118","405","12"
"13.10560053","406","water stagnant","119","80.20713653","406","12"
"13.11413949","407","water stagnant","120","80.19854844","407","8"
