sequence_id,start_time,end_time,target_time,rainfall_mean,water_level,target_water_level
1,30-12-2021 16:00,30-12-2021 21:00,30-12-2021 22:00,36.75|35.0|47.0|19.75|14.75|2.75,0.55|0.626|0.893|1.366|1.565|1.667,1.726
2,30-12-2021 17:00,30-12-2021 22:00,30-12-2021 23:00,35.0|47.0|19.75|14.75|2.75|2.25,0.626|0.893|1.366|1.565|1.667|1.726,1.775
3,27-08-2022 16:00,27-08-2022 21:00,27-08-2022 22:00,0.5|0.5|1.0|0.5|0.5|1.25,0.767|0.761|0.754|0.744|0.73|0.789,0.822
4,27-08-2022 17:00,27-08-2022 22:00,27-08-2022 23:00,0.5|1.0|0.5|0.5|1.25|1.5,0.761|0.754|0.744|0.73|0.789|0.822,0.843
5,27-08-2022 18:00,27-08-2022 23:00,28-08-2022 00:00,1.0|0.5|0.5|1.25|1.5|0.75,0.754|0.744|0.73|0.789|0.822|0.843,0.837
6,27-08-2022 19:00,28-08-2022 00:00,28-08-2022 01:00,0.5|0.5|1.25|1.5|0.75|0.5,0.744|0.73|0.789|0.822|0.843|0.837,0.855
7,27-08-2022 20:00,28-08-2022 01:00,28-08-2022 02:00,0.5|1.25|1.5|0.75|0.5|1.0,0.73|0.789|0.822|0.843|0.837|0.855,0.863
8,27-08-2022 21:00,28-08-2022 02:00,28-08-2022 03:00,1.25|1.5|0.75|0.5|1.0|0.5,0.789|0.822|0.843|0.837|0.855|0.863,0.864
9,27-08-2022 22:00,28-08-2022 03:00,28-08-2022 04:00,1.5|0.75|0.5|1.0|0.5|1.0,0.822|0.843|0.837|0.855|0.863|0.864,0.859
10,27-08-2022 23:00,28-08-2022 04:00,28-08-2022 05:00,0.75|0.5|1.0|0.5|1.0|0.5,0.843|0.837|0.855|0.863|0.864|0.859,0.855
11,28-08-2022 00:00,28-08-2022 05:00,28-08-2022 06:00,0.5|1.0|0.5|1.0|0.5|0.5,0.837|0.855|0.863|0.864|0.859|0.855,0.851
12,28-08-2022 08:00,28-08-2022 13:00,28-08-2022 14:00,0.5|0.5|0.5|1.0|0.5|0.5,0.851|0.852|0.848|0.844|0.84|0.817,0.976
13,28-08-2022 09:00,28-08-2022 14:00,28-08-2022 15:00,0.5|0.5|1.0|0.5|0.5|0.5,0.852|0.848|0.844|0.84|0.817|0.976,1.049
14,28-08-2022 10:00,28-08-2022 15:00,28-08-2022 16:00,0.5|1.0|0.5|0.5|0.5|0.5,0.848|0.844|0.84|0.817|0.976|1.049,1.037
15,28-08-2022 11:00,28-08-2022 16:00,28-08-2022 17:00,1.0|0.5|0.5|0.5|0.5|0.5,0.844|0.84|0.817|0.976|1.049|1.037,0.839
16,28-08-2022 12:00,28-08-2022 17:00,28-08-2022 18:00,0.5|0.5|0.5|0.5|0.5|0.5,0.84|0.817|0.976|1.049|1.037|0.839,0.856
17,28-08-2022 13:00,28-08-2022 18:00,28-08-2022 19:00,0.5|0.5|0.5|0.5|0.5|0.5,0.817|0.976|1.049|1.037|0.839|0.856,0.875
18,28-08-2022 14:00,28-08-2022 19:00,28-08-2022 20:00,0.5|0.5|0.5|0.5|0.5|0.5,0.976|1.049|1.037|0.839|0.856|0.875,0.887
19,28-08-2022 15:00,28-08-2022 20:00,28-08-2022 21:00,0.5|0.5|0.5|0.5|0.5|0.5,1.049|1.037|0.839|0.856|0.875|0.887,0.894
20,28-08-2022 16:00,28-08-2022 21:00,28-08-2022 22:00,0.5|0.5|0.5|0.5|0.5|0.5,1.037|0.839|0.856|0.875|0.887|0.894,0.899
21,28-08-2022 17:00,28-08-2022 22:00,28-08-2022 23:00,0.5|0.5|0.5|0.5|0.5|0.5,0.839|0.856|0.875|0.887|0.894|0.899,0.903
22,31-10-2022 19:00,01-11-2022 00:00,01-11-2022 01:00,4.0|47.5|6.0|1.0|2.0|5.0,0.096|0.172|0.095|0.022|0.159|0.178,0.177
23,31-10-2022 20:00,01-11-2022 01:00,01-11-2022 02:00,47.5|6.0|1.0|2.0|5.0|4.0,0.172|0.095|0.022|0.159|0.178|0.177,0.07
24,31-10-2022 21:00,01-11-2022 02:00,01-11-2022 03:00,6.0|1.0|2.0|5.0|4.0|3.5,0.095|0.022|0.159|0.178|0.177|0.07,0.107
25,01-11-2022 05:00,01-11-2022 10:00,01-11-2022 11:00,1.0|3.5|1.5|2.5|13.5|9.5,0.016|0.072|0.127|0.177|0.246|0.306,0.392
26,01-11-2022 06:00,01-11-2022 11:00,01-11-2022 12:00,3.5|1.5|2.5|13.5|9.5|5.0,0.072|0.127|0.177|0.246|0.306|0.392,0.492
27,01-11-2022 07:00,01-11-2022 12:00,01-11-2022 13:00,1.5|2.5|13.5|9.5|5.0|3.5,0.127|0.177|0.246|0.306|0.392|0.492,0.634
28,01-11-2022 08:00,01-11-2022 13:00,01-11-2022 14:00,2.5|13.5|9.5|5.0|3.5|9.25,0.177|0.246|0.306|0.392|0.492|0.634,0.786
29,01-11-2022 09:00,01-11-2022 14:00,01-11-2022 15:00,13.5|9.5|5.0|3.5|9.25|16.75,0.246|0.306|0.392|0.492|0.634|0.786,0.871
30,01-11-2022 10:00,01-11-2022 15:00,01-11-2022 16:00,9.5|5.0|3.5|9.25|16.75|3.0,0.306|0.392|0.492|0.634|0.786|0.871,0.91
31,01-11-2022 11:00,01-11-2022 16:00,01-11-2022 17:00,5.0|3.5|9.25|16.75|3.0|1.5,0.392|0.492|0.634|0.786|0.871|0.91,0.945
32,01-11-2022 20:00,02-11-2022 01:00,02-11-2022 02:00,2.5|52.0|113.5|46.5|9.0|22.75,1.004|1.006|1.002|0.997|0.991|1.0,1.019
33,02-11-2022 04:00,02-11-2022 09:00,02-11-2022 10:00,93.75|769.5|1412.5|69.0|40.0|170.5,1.108|1.146|1.17|1.179|1.178|1.172,1.162
34,02-11-2022 05:00,02-11-2022 10:00,02-11-2022 11:00,769.5|1412.5|69.0|40.0|170.5|4.0,1.146|1.17|1.179|1.178|1.172|1.162,1.146
35,02-11-2022 06:00,02-11-2022 11:00,02-11-2022 12:00,1412.5|69.0|40.0|170.5|4.0|1.5,1.17|1.179|1.178|1.172|1.162|1.146,1.133
36,08-12-2022 19:00,09-12-2022 00:00,09-12-2022 01:00,1.75|1.0|2.75|4.0|3.5|0.75,0.047|0.05|0.046|0.048|0.028|0.039,0.031
37,08-12-2022 20:00,09-12-2022 01:00,09-12-2022 02:00,1.0|2.75|4.0|3.5|0.75|1.25,0.05|0.046|0.048|0.028|0.039|0.031,0.036
38,08-12-2022 21:00,09-12-2022 02:00,09-12-2022 03:00,2.75|4.0|3.5|0.75|1.25|1.25,0.046|0.048|0.028|0.039|0.031|0.036,0.029
39,08-12-2022 22:00,09-12-2022 03:00,09-12-2022 04:00,4.0|3.5|0.75|1.25|1.25|1.25,0.048|0.028|0.039|0.031|0.036|0.029,0.033
40,08-12-2022 23:00,09-12-2022 04:00,09-12-2022 05:00,3.5|0.75|1.25|1.25|1.25|16.5,0.028|0.039|0.031|0.036|0.029|0.033,0.037
41,09-12-2022 00:00,09-12-2022 05:00,09-12-2022 06:00,0.75|1.25|1.25|1.25|16.5|15.5,0.039|0.031|0.036|0.029|0.033|0.037,0.027
42,09-12-2022 01:00,09-12-2022 06:00,09-12-2022 07:00,1.25|1.25|1.25|16.5|15.5|7.5,0.031|0.036|0.029|0.033|0.037|0.027,0.033
43,09-12-2022 02:00,09-12-2022 07:00,09-12-2022 08:00,1.25|1.25|16.5|15.5|7.5|2.75,0.036|0.029|0.033|0.037|0.027|0.033,0.027
44,09-12-2022 03:00,09-12-2022 08:00,09-12-2022 09:00,1.25|16.5|15.5|7.5|2.75|0.5,0.029|0.033|0.037|0.027|0.033|0.027,0.024
45,09-12-2022 11:00,09-12-2022 16:00,09-12-2022 17:00,0.5|3.0|3.5|3.0|0.5|7.25,0.029|0.013|0.059|0.108|0.143|0.183,0.219
46,09-12-2022 12:00,09-12-2022 17:00,09-12-2022 18:00,3.0|3.5|3.0|0.5|7.25|5.0,0.013|0.059|0.108|0.143|0.183|0.219,0.26
47,09-12-2022 13:00,09-12-2022 18:00,09-12-2022 19:00,3.5|3.0|0.5|7.25|5.0|7.5,0.059|0.108|0.143|0.183|0.219|0.26,0.347
48,09-12-2022 14:00,09-12-2022 19:00,09-12-2022 20:00,3.0|0.5|7.25|5.0|7.5|14.25,0.108|0.143|0.183|0.219|0.26|0.347,0.554
49,09-12-2022 15:00,09-12-2022 20:00,09-12-2022 21:00,0.5|7.25|5.0|7.5|14.25|20.75,0.143|0.183|0.219|0.26|0.347|0.554,0.853
50,09-12-2022 16:00,09-12-2022 21:00,09-12-2022 22:00,7.25|5.0|7.5|14.25|20.75|8.0,0.183|0.219|0.26|0.347|0.554|0.853,0.963
51,09-12-2022 17:00,09-12-2022 22:00,09-12-2022 23:00,5.0|7.5|14.25|20.75|8.0|5.75,0.219|0.26|0.347|0.554|0.853|0.963,1.045
52,09-12-2022 18:00,09-12-2022 23:00,10-12-2022 00:00,7.5|14.25|20.75|8.0|5.75|7.25,0.26|0.347|0.554|0.853|0.963|1.045,1.187
53,09-12-2022 19:00,10-12-2022 00:00,10-12-2022 01:00,14.25|20.75|8.0|5.75|7.25|1.5,0.347|0.554|0.853|0.963|1.045|1.187,1.27
54,12-12-2022 10:00,12-12-2022 15:00,12-12-2022 16:00,1.25|1.75|7.5|7.75|2.0|4.5,1.271|1.275|1.283|1.333|1.44|1.572,1.682
55,25-12-2022 02:00,25-12-2022 07:00,25-12-2022 08:00,1.5|1.0|3.75|1.5|0.5|1.25,0.069|0.066|0.064|0.061|0.06|0.054,0.064
56,25-12-2022 03:00,25-12-2022 08:00,25-12-2022 09:00,1.0|3.75|1.5|0.5|1.25|3.75,0.066|0.064|0.061|0.06|0.054|0.064,0.055
57,25-12-2022 04:00,25-12-2022 09:00,25-12-2022 10:00,3.75|1.5|0.5|1.25|3.75|1.5,0.064|0.061|0.06|0.054|0.064|0.055,0.057
58,25-12-2022 05:00,25-12-2022 10:00,25-12-2022 11:00,1.5|0.5|1.25|3.75|1.5|1.75,0.061|0.06|0.054|0.064|0.055|0.057,0.057
59,25-12-2022 06:00,25-12-2022 11:00,25-12-2022 12:00,0.5|1.25|3.75|1.5|1.75|2.0,0.06|0.054|0.064|0.055|0.057|0.057,0.057
60,04-12-2023 06:00,04-12-2023 11:00,04-12-2023 12:00,6.0|9.5|20.333333333333332|18.166666666666668|26.833333333333332|18.333333333333332,4.523|10.05|9.301|9.673|9.834|4.358,2.748
61,04-12-2023 07:00,04-12-2023 12:00,04-12-2023 13:00,9.5|20.333333333333332|18.166666666666668|26.833333333333332|18.333333333333332|8.833333333333334,10.05|9.301|9.673|9.834|4.358|2.748,8.445
62,04-12-2023 08:00,04-12-2023 13:00,04-12-2023 14:00,20.333333333333332|18.166666666666668|26.833333333333332|18.333333333333332|8.833333333333334|2.8333333333333335,9.301|9.673|9.834|4.358|2.748|8.445,2.827
63,04-12-2023 09:00,04-12-2023 14:00,04-12-2023 15:00,18.166666666666668|26.833333333333332|18.333333333333332|8.833333333333334|2.8333333333333335|11.833333333333334,9.673|9.834|4.358|2.748|8.445|2.827,8.126
64,04-12-2023 10:00,04-12-2023 15:00,04-12-2023 16:00,26.833333333333332|18.333333333333332|8.833333333333334|2.8333333333333335|11.833333333333334|14.666666666666666,9.834|4.358|2.748|8.445|2.827|8.126,6.669
65,04-12-2023 11:00,04-12-2023 16:00,04-12-2023 17:00,18.333333333333332|8.833333333333334|2.8333333333333335|11.833333333333334|14.666666666666666|4.666666666666667,4.358|2.748|8.445|2.827|8.126|6.669,7.31
66,04-12-2023 12:00,04-12-2023 17:00,04-12-2023 18:00,8.833333333333334|2.8333333333333335|11.833333333333334|14.666666666666666|4.666666666666667|11.833333333333334,2.748|8.445|2.827|8.126|6.669|7.31,6.214
67,04-12-2023 13:00,04-12-2023 18:00,04-12-2023 19:00,2.8333333333333335|11.833333333333334|14.666666666666666|4.666666666666667|11.833333333333334|13.25,8.445|2.827|8.126|6.669|7.31|6.214,7.796
68,04-12-2023 14:00,04-12-2023 19:00,04-12-2023 20:00,11.833333333333334|14.666666666666666|4.666666666666667|11.833333333333334|13.25|8.333333333333334,2.827|8.126|6.669|7.31|6.214|7.796,4.522
69,12-12-2023 14:00,12-12-2023 19:00,12-12-2023 20:00,0.5|1.0|4.5|43.0|6.5|1.5,10.055|10.055|10.058|10.057|10.052|10.049,10.048
70,13-12-2023 09:00,13-12-2023 14:00,13-12-2023 15:00,1.0|0.5|5.0|3.0|4.0|4.5,10.055|10.057|10.057|10.054|10.053|10.054,10.055
71,13-12-2023 10:00,13-12-2023 15:00,13-12-2023 16:00,0.5|5.0|3.0|4.0|4.5|0.5,10.057|10.057|10.054|10.053|10.054|10.055,10.057
72,13-12-2023 11:00,13-12-2023 16:00,13-12-2023 17:00,5.0|3.0|4.0|4.5|0.5|2.0,10.057|10.054|10.053|10.054|10.055|10.057,10.057
73,13-12-2023 12:00,13-12-2023 17:00,13-12-2023 18:00,3.0|4.0|4.5|0.5|2.0|1.0,10.054|10.053|10.054|10.055|10.057|10.057,10.055
74,13-12-2023 13:00,13-12-2023 18:00,13-12-2023 19:00,4.0|4.5|0.5|2.0|1.0|0.5,10.053|10.054|10.055|10.057|10.057|10.055,10.049
75,13-12-2023 14:00,13-12-2023 19:00,13-12-2023 20:00,4.5|0.5|2.0|1.0|0.5|1.0,10.054|10.055|10.057|10.057|10.055|10.049,10.057
76,13-12-2023 15:00,13-12-2023 20:00,13-12-2023 21:00,0.5|2.0|1.0|0.5|1.0|0.5,10.055|10.057|10.057|10.055|10.049|10.057,10.052
77,14-12-2023 14:00,14-12-2023 19:00,14-12-2023 20:00,1.0|1.5|2.5|0.5|1.0|3.0,10.058|10.06|10.057|10.057|10.056|10.057,10.055
78,14-12-2023 15:00,14-12-2023 20:00,14-12-2023 21:00,1.5|2.5|0.5|1.0|3.0|0.5,10.06|10.057|10.057|10.056|10.057|10.055,10.052
79,14-12-2023 16:00,14-12-2023 21:00,14-12-2023 22:00,2.5|0.5|1.0|3.0|0.5|0.5,10.057|10.057|10.056|10.057|10.055|10.052,10.056
80,14-12-2023 17:00,14-12-2023 22:00,14-12-2023 23:00,0.5|1.0|3.0|0.5|0.5|1.0,10.057|10.056|10.057|10.055|10.052|10.056,10.047
81,14-12-2023 18:00,14-12-2023 23:00,15-12-2023 00:00,1.0|3.0|0.5|0.5|1.0|1.5,10.056|10.057|10.055|10.052|10.056|10.047,10.042
82,14-12-2023 19:00,15-12-2023 00:00,15-12-2023 01:00,3.0|0.5|0.5|1.0|1.5|10.5,10.057|10.055|10.052|10.056|10.047|10.042,10.048
83,14-12-2023 20:00,15-12-2023 01:00,15-12-2023 02:00,0.5|0.5|1.0|1.5|10.5|12.0,10.055|10.052|10.056|10.047|10.042|10.048,10.046
84,14-12-2023 21:00,15-12-2023 02:00,15-12-2023 03:00,0.5|1.0|1.5|10.5|12.0|3.5,10.052|10.056|10.047|10.042|10.048|10.046,10.041
85,14-12-2023 22:00,15-12-2023 03:00,15-12-2023 04:00,1.0|1.5|10.5|12.0|3.5|3.5,10.056|10.047|10.042|10.048|10.046|10.041,10.034
86,14-12-2023 23:00,15-12-2023 04:00,15-12-2023 05:00,1.5|10.5|12.0|3.5|3.5|9.5,10.047|10.042|10.048|10.046|10.041|10.034,10.027
87,15-12-2023 00:00,15-12-2023 05:00,15-12-2023 06:00,10.5|12.0|3.5|3.5|9.5|2.0,10.042|10.048|10.046|10.041|10.034|10.027,10.014
88,15-12-2023 01:00,15-12-2023 06:00,15-12-2023 07:00,12.0|3.5|3.5|9.5|2.0|3.0,10.048|10.046|10.041|10.034|10.027|10.014,10.057
89,15-12-2023 02:00,15-12-2023 07:00,15-12-2023 08:00,3.5|3.5|9.5|2.0|3.0|1.0,10.046|10.041|10.034|10.027|10.014|10.057,10.058
90,15-12-2023 03:00,15-12-2023 08:00,15-12-2023 09:00,3.5|9.5|2.0|3.0|1.0|1.5,10.041|10.034|10.027|10.014|10.057|10.058,10.045
91,15-12-2023 04:00,15-12-2023 09:00,15-12-2023 10:00,9.5|2.0|3.0|1.0|1.5|6.0,10.034|10.027|10.014|10.057|10.058|10.045,10.06
92,15-12-2023 05:00,15-12-2023 10:00,15-12-2023 11:00,2.0|3.0|1.0|1.5|6.0|8.5,10.027|10.014|10.057|10.058|10.045|10.06,10.055
93,15-12-2023 06:00,15-12-2023 11:00,15-12-2023 12:00,3.0|1.0|1.5|6.0|8.5|0.5,10.014|10.057|10.058|10.045|10.06|10.055,10.055
94,15-12-2023 07:00,15-12-2023 12:00,15-12-2023 13:00,1.0|1.5|6.0|8.5|0.5|1.0,10.057|10.058|10.045|10.06|10.055|10.055,10.057
95,15-12-2023 08:00,15-12-2023 13:00,15-12-2023 14:00,1.5|6.0|8.5|0.5|1.0|3.5,10.058|10.045|10.06|10.055|10.055|10.057,10.061
96,15-12-2023 09:00,15-12-2023 14:00,15-12-2023 15:00,6.0|8.5|0.5|1.0|3.5|4.25,10.045|10.06|10.055|10.055|10.057|10.061,10.06
97,15-12-2023 10:00,15-12-2023 15:00,15-12-2023 16:00,8.5|0.5|1.0|3.5|4.25|1.5,10.06|10.055|10.055|10.057|10.061|10.06,10.052
98,15-12-2023 11:00,15-12-2023 16:00,15-12-2023 17:00,0.5|1.0|3.5|4.25|1.5|2.5,10.055|10.055|10.057|10.061|10.06|10.052,10.044
99,15-12-2023 20:00,16-12-2023 01:00,16-12-2023 02:00,43.0|11.5|42.75|75.5|4.0|13.5,10.058|10.063|10.059|10.06|10.063|10.061,10.061
100,15-12-2023 21:00,16-12-2023 02:00,16-12-2023 03:00,11.5|42.75|75.5|4.0|13.5|5.0,10.063|10.059|10.06|10.063|10.061|10.061,10.062
101,15-12-2023 22:00,16-12-2023 03:00,16-12-2023 04:00,42.75|75.5|4.0|13.5|5.0|0.5,10.059|10.06|10.063|10.061|10.061|10.062,10.062
102,15-12-2023 23:00,16-12-2023 04:00,16-12-2023 05:00,75.5|4.0|13.5|5.0|0.5|7.0,10.06|10.063|10.061|10.061|10.062|10.062,10.063
103,16-12-2023 00:00,16-12-2023 05:00,16-12-2023 06:00,4.0|13.5|5.0|0.5|7.0|2.0,10.063|10.061|10.061|10.062|10.062|10.063,10.061
104,16-12-2023 01:00,16-12-2023 06:00,16-12-2023 07:00,13.5|5.0|0.5|7.0|2.0|2.5,10.061|10.061|10.062|10.062|10.063|10.061,10.062
105,16-12-2023 02:00,16-12-2023 07:00,16-12-2023 08:00,5.0|0.5|7.0|2.0|2.5|1.0,10.061|10.062|10.062|10.063|10.061|10.062,10.063
106,16-12-2023 03:00,16-12-2023 08:00,16-12-2023 09:00,0.5|7.0|2.0|2.5|1.0|0.5,10.062|10.062|10.063|10.061|10.062|10.063,10.062
107,12-07-2024 21:00,13-07-2024 02:00,13-07-2024 03:00,1.5|14.5|2.75|11.75|3.75|3.25,10.065|10.065|10.065|10.064|10.064|10.065,10.064
108,05-08-2024 01:00,05-08-2024 06:00,05-08-2024 07:00,2.0|7.0|5.5|16.25|12.5|10.75,10.065|10.064|10.064|10.065|10.064|10.065,10.064
109,05-08-2024 02:00,05-08-2024 07:00,05-08-2024 08:00,7.0|5.5|16.25|12.5|10.75|3.25,10.064|10.064|10.065|10.064|10.065|10.064,10.064
110,21-09-2024 00:00,21-09-2024 05:00,21-09-2024 06:00,8.5|4.166666666666667|1.5|3.0|2.8333333333333335|1.8333333333333333,10.066|10.065|10.064|10.064|10.064|10.065,10.064
111,21-09-2024 01:00,21-09-2024 06:00,21-09-2024 07:00,4.166666666666667|1.5|3.0|2.8333333333333335|1.8333333333333333|2.0,10.065|10.064|10.064|10.064|10.065|10.064,10.065
112,15-10-2024 07:00,15-10-2024 12:00,15-10-2024 13:00,3.5|8.5|3.5|24.75|56.25|9.75,10.064|10.062|10.062|10.063|10.061|10.062,10.061
113,15-10-2024 08:00,15-10-2024 13:00,15-10-2024 14:00,8.5|3.5|24.75|56.25|9.75|3.0,10.062|10.062|10.063|10.061|10.062|10.061,10.062
114,15-10-2024 09:00,15-10-2024 14:00,15-10-2024 15:00,3.5|24.75|56.25|9.75|3.0|14.0,10.062|10.063|10.061|10.062|10.061|10.062,10.061
115,15-10-2024 10:00,15-10-2024 15:00,15-10-2024 16:00,24.75|56.25|9.75|3.0|14.0|3.0,10.063|10.061|10.062|10.061|10.062|10.061,10.062
116,15-10-2024 11:00,15-10-2024 16:00,15-10-2024 17:00,56.25|9.75|3.0|14.0|3.0|3.25,10.061|10.062|10.061|10.062|10.061|10.062,10.062
117,15-10-2024 12:00,15-10-2024 17:00,15-10-2024 18:00,9.75|3.0|14.0|3.0|3.25|1.75,10.062|10.061|10.062|10.061|10.062|10.062,10.062
118,15-10-2024 13:00,15-10-2024 18:00,15-10-2024 19:00,3.0|14.0|3.0|3.25|1.75|2.0,10.061|10.062|10.061|10.062|10.062|10.062,10.062
119,15-10-2024 14:00,15-10-2024 19:00,15-10-2024 20:00,14.0|3.0|3.25|1.75|2.0|5.5,10.062|10.061|10.062|10.062|10.062|10.062,10.062
120,15-10-2024 15:00,15-10-2024 20:00,15-10-2024 21:00,3.0|3.25|1.75|2.0|5.5|8.75,10.061|10.062|10.062|10.062|10.062|10.062,10.061
121,15-10-2024 16:00,15-10-2024 21:00,15-10-2024 22:00,3.25|1.75|2.0|5.5|8.75|1.5,10.062|10.062|10.062|10.062|10.062|10.061,10.06
122,15-10-2024 17:00,15-10-2024 22:00,15-10-2024 23:00,1.75|2.0|5.5|8.75|1.5|0.5,10.062|10.062|10.062|10.062|10.061|10.06,10.06
123,15-10-2024 18:00,15-10-2024 23:00,16-10-2024 00:00,2.0|5.5|8.75|1.5|0.5|1.5,10.062|10.062|10.062|10.061|10.06|10.06,10.059
124,15-10-2024 19:00,16-10-2024 00:00,16-10-2024 01:00,5.5|8.75|1.5|0.5|1.5|1.5,10.062|10.062|10.061|10.06|10.06|10.059,10.059
125,15-10-2024 20:00,16-10-2024 01:00,16-10-2024 02:00,8.75|1.5|0.5|1.5|1.5|0.5,10.062|10.061|10.06|10.06|10.059|10.059,10.059
126,15-10-2024 21:00,16-10-2024 02:00,16-10-2024 03:00,1.5|0.5|1.5|1.5|0.5|1.0,10.061|10.06|10.06|10.059|10.059|10.059,10.06
127,15-10-2024 22:00,16-10-2024 03:00,16-10-2024 04:00,0.5|1.5|1.5|0.5|1.0|0.75,10.06|10.06|10.059|10.059|10.059|10.06,10.06
128,15-10-2024 23:00,16-10-2024 04:00,16-10-2024 05:00,1.5|1.5|0.5|1.0|0.75|1.0,10.06|10.059|10.059|10.059|10.06|10.06,10.06
129,16-10-2024 00:00,16-10-2024 05:00,16-10-2024 06:00,1.5|0.5|1.0|0.75|1.0|0.75,10.059|10.059|10.059|10.06|10.06|10.06,10.06
130,16-10-2024 01:00,16-10-2024 06:00,16-10-2024 07:00,0.5|1.0|0.75|1.0|0.75|0.5,10.059|10.059|10.06|10.06|10.06|10.06,10.06
131,16-10-2024 02:00,16-10-2024 07:00,16-10-2024 08:00,1.0|0.75|1.0|0.75|0.5|2.0,10.059|10.06|10.06|10.06|10.06|10.06,10.059
132,07-11-2024 07:00,07-11-2024 12:00,07-11-2024 13:00,1.0|3.0|1.0|1.25|0.6666666666666666|3.25,10.065|10.065|10.065|10.065|10.064|10.064,10.064
133,07-11-2024 08:00,07-11-2024 13:00,07-11-2024 14:00,3.0|1.0|1.25|0.6666666666666666|3.25|1.3333333333333333,10.065|10.065|10.065|10.064|10.064|10.064,10.064
134,12-11-2024 03:00,12-11-2024 08:00,12-11-2024 09:00,1.0|4.5|8.333333333333334|4.833333333333333|3.25|2.5,10.065|10.064|10.065|10.065|10.065|10.065,10.065
135,12-11-2024 04:00,12-11-2024 09:00,12-11-2024 10:00,4.5|8.333333333333334|4.833333333333333|3.25|2.5|5.166666666666667,10.064|10.065|10.065|10.065|10.065|10.065,10.064
136,12-11-2024 05:00,12-11-2024 10:00,12-11-2024 11:00,8.333333333333334|4.833333333333333|3.25|2.5|5.166666666666667|4.0,10.065|10.065|10.065|10.065|10.065|10.064,10.064
137,12-11-2024 06:00,12-11-2024 11:00,12-11-2024 12:00,4.833333333333333|3.25|2.5|5.166666666666667|4.0|2.0,10.065|10.065|10.065|10.065|10.064|10.064,10.065
138,26-11-2024 09:00,26-11-2024 14:00,26-11-2024 15:00,0.5|1.5|30.75|14.5|3.25|1.5,10.064|10.065|10.065|10.064|10.064|10.064,10.064
139,29-11-2024 00:00,29-11-2024 05:00,29-11-2024 06:00,2.5|7.25|12.0|10.333333333333334|7.0|5.5,10.065|10.064|10.065|10.064|10.064|10.065,10.064
140,12-12-2024 02:00,12-12-2024 07:00,12-12-2024 08:00,10.0|3.5|0.5|0.5|11.75|2.0,10.055|10.057|10.06|10.062|10.061|10.061,10.06
141,12-12-2024 03:00,12-12-2024 08:00,12-12-2024 09:00,3.5|0.5|0.5|11.75|2.0|2.5,10.057|10.06|10.062|10.061|10.061|10.06,10.061
142,12-12-2024 04:00,12-12-2024 09:00,12-12-2024 10:00,0.5|0.5|11.75|2.0|2.5|2.25,10.06|10.062|10.061|10.061|10.06|10.061,10.062
143,12-12-2024 05:00,12-12-2024 10:00,12-12-2024 11:00,0.5|11.75|2.0|2.5|2.25|2.5,10.062|10.061|10.061|10.06|10.061|10.062,10.061
144,12-12-2024 06:00,12-12-2024 11:00,12-12-2024 12:00,11.75|2.0|2.5|2.25|2.5|4.5,10.061|10.061|10.06|10.061|10.062|10.061,10.06
145,12-12-2024 07:00,12-12-2024 12:00,12-12-2024 13:00,2.0|2.5|2.25|2.5|4.5|29.0,10.061|10.06|10.061|10.062|10.061|10.06,10.056
146,18-12-2024 11:00,18-12-2024 16:00,18-12-2024 17:00,0.75|0.5|1.6666666666666667|3.5|6.0|10.166666666666666,10.064|10.064|10.063|10.063|10.063|10.062,10.063
147,18-12-2024 12:00,18-12-2024 17:00,18-12-2024 18:00,0.5|1.6666666666666667|3.5|6.0|10.166666666666666|2.8333333333333335,10.064|10.063|10.063|10.063|10.062|10.063,10.064
148,26-12-2024 02:00,26-12-2024 07:00,26-12-2024 08:00,1.0|2.25|4.0|3.25|0.5|0.5,10.063|10.064|10.063|10.063|10.063|10.062,10.062
149,29-12-2024 11:00,29-12-2024 16:00,29-12-2024 17:00,0.5|15.0|22.5|9.5|1.0|1.0,10.064|10.064|10.064|10.063|10.064|10.064,10.065
150,29-12-2024 12:00,29-12-2024 17:00,29-12-2024 18:00,15.0|22.5|9.5|1.0|1.0|1.5,10.064|10.064|10.063|10.064|10.064|10.065,10.064
151,30-12-2024 00:00,30-12-2024 05:00,30-12-2024 06:00,1.0|0.5|1.5|5.0|3.0|2.5,10.064|10.064|10.064|10.064|10.065|10.064,10.064
152,30-12-2024 01:00,30-12-2024 06:00,30-12-2024 07:00,0.5|1.5|5.0|3.0|2.5|3.0,10.064|10.064|10.064|10.065|10.064|10.064,10.064
153,30-12-2024 02:00,30-12-2024 07:00,30-12-2024 08:00,1.5|5.0|3.0|2.5|3.0|12.0,10.064|10.064|10.065|10.064|10.064|10.064,10.064
154,20-09-2025 02:00,20-09-2025 07:00,20-09-2025 08:00,18.0|4.0|2.0|0.5|0.5|1.0,3.261|3.25|3.25|3.25|3.25|3.25,3.25
155,20-09-2025 03:00,20-09-2025 08:00,20-09-2025 09:00,4.0|2.0|0.5|0.5|1.0|0.75,3.25|3.25|3.25|3.25|3.25|3.25,3.25
156,15-10-2025 03:00,15-10-2025 08:00,15-10-2025 09:00,1.0|11.75|8.25|0.5|2.5|0.75,3.25|3.25|3.25|3.25|3.25|3.25,3.25
157,15-10-2025 04:00,15-10-2025 09:00,15-10-2025 10:00,11.75|8.25|0.5|2.5|0.75|1.1666666666666667,3.25|3.25|3.25|3.25|3.25|3.25,3.25
158,15-10-2025 05:00,15-10-2025 10:00,15-10-2025 11:00,8.25|0.5|2.5|0.75|1.1666666666666667|0.5,3.25|3.25|3.25|3.25|3.25|3.25,3.25
159,17-10-2025 01:00,17-10-2025 06:00,17-10-2025 07:00,2.5|16.75|2.5|1.75|0.5|1.5,3.25|3.25|3.25|3.25|3.25|3.25,3.25
160,17-10-2025 02:00,17-10-2025 07:00,17-10-2025 08:00,16.75|2.5|1.75|0.5|1.5|1.5,3.25|3.25|3.25|3.25|3.25|3.25,3.25
161,17-10-2025 03:00,17-10-2025 08:00,17-10-2025 09:00,2.5|1.75|0.5|1.5|1.5|1.0,3.25|3.25|3.25|3.25|3.25|3.25,3.25
162,21-10-2025 08:00,21-10-2025 13:00,21-10-2025 14:00,8.25|1.75|1.5|1.0|0.75|11.0,3.25|3.25|3.25|3.25|3.25|3.25,3.25
163,21-10-2025 09:00,21-10-2025 14:00,21-10-2025 15:00,1.75|1.5|1.0|0.75|11.0|0.5,3.25|3.25|3.25|3.25|3.25|3.25,3.25
164,27-10-2025 05:00,27-10-2025 10:00,27-10-2025 11:00,0.5|0.5|0.5|0.5|2.3333333333333335|0.8333333333333334,3.25|3.25|3.25|3.25|3.25|3.25,3.25
165,27-10-2025 06:00,27-10-2025 11:00,27-10-2025 12:00,0.5|0.5|0.5|2.3333333333333335|0.8333333333333334|0.5,3.25|3.25|3.25|3.25|3.25|3.25,3.25
166,27-10-2025 07:00,27-10-2025 12:00,27-10-2025 13:00,0.5|0.5|2.3333333333333335|0.8333333333333334|0.5|2.1666666666666665,3.25|3.25|3.25|3.25|3.25|3.25,3.25
167,27-10-2025 08:00,27-10-2025 13:00,27-10-2025 14:00,0.5|2.3333333333333335|0.8333333333333334|0.5|2.1666666666666665|1.5,3.25|3.25|3.25|3.25|3.25|3.25,3.25
168,27-10-2025 09:00,27-10-2025 14:00,27-10-2025 15:00,2.3333333333333335|0.8333333333333334|0.5|2.1666666666666665|1.5|0.5,3.25|3.25|3.25|3.25|3.25|3.25,3.25
169,27-10-2025 17:00,27-10-2025 22:00,27-10-2025 23:00,0.5|0.75|1.5|2.5|2.3333333333333335|2.5,3.25|3.25|3.25|3.25|3.25|3.25,3.25
170,28-10-2025 02:00,28-10-2025 07:00,28-10-2025 08:00,4.166666666666667|2.6666666666666665|2.6666666666666665|1.25|1.75|1.5,3.25|3.25|3.25|3.25|3.25|3.25,3.25
171,28-10-2025 03:00,28-10-2025 08:00,28-10-2025 09:00,2.6666666666666665|2.6666666666666665|1.25|1.75|1.5|2.5,3.25|3.25|3.25|3.25|3.25|3.25,3.25
172,28-10-2025 04:00,28-10-2025 09:00,28-10-2025 10:00,2.6666666666666665|1.25|1.75|1.5|2.5|2.75,3.25|3.25|3.25|3.25|3.25|3.25,3.25
173,28-10-2025 05:00,28-10-2025 10:00,28-10-2025 11:00,1.25|1.75|1.5|2.5|2.75|1.0,3.25|3.25|3.25|3.25|3.25|3.25,3.25
174,28-10-2025 06:00,28-10-2025 11:00,28-10-2025 12:00,1.75|1.5|2.5|2.75|1.0|1.0,3.25|3.25|3.25|3.25|3.25|3.25,3.25
175,28-10-2025 07:00,28-10-2025 12:00,28-10-2025 13:00,1.5|2.5|2.75|1.0|1.0|1.5,3.25|3.25|3.25|3.25|3.25|3.25,3.25
176,01-12-2025 00:00,01-12-2025 05:00,01-12-2025 06:00,0.5|0.5|1.5|0.75|0.5|0.75,3.25|3.25|3.25|3.25|3.25|3.25,3.25
177,01-12-2025 01:00,01-12-2025 06:00,01-12-2025 07:00,0.5|1.5|0.75|0.5|0.75|0.5,3.25|3.25|3.25|3.25|3.25|3.25,3.25
178,01-12-2025 02:00,01-12-2025 07:00,01-12-2025 08:00,1.5|0.75|0.5|0.75|0.5|0.5,3.25|3.25|3.25|3.25|3.25|3.25,3.25
179,01-12-2025 03:00,01-12-2025 08:00,01-12-2025 09:00,0.75|0.5|0.75|0.5|0.5|1.5,3.25|3.25|3.25|3.25|3.25|3.25,3.25
180,01-12-2025 04:00,01-12-2025 09:00,01-12-2025 10:00,0.5|0.75|0.5|0.5|1.5|13.75,3.25|3.25|3.25|3.25|3.25|3.25,3.25
181,01-12-2025 05:00,01-12-2025 10:00,01-12-2025 11:00,0.75|0.5|0.5|1.5|13.75|7.25,3.25|3.25|3.25|3.25|3.25|3.25,3.25
182,01-12-2025 06:00,01-12-2025 11:00,01-12-2025 12:00,0.5|0.5|1.5|13.75|7.25|10.5,3.25|3.25|3.25|3.25|3.25|3.25,3.25
183,01-12-2025 07:00,01-12-2025 12:00,01-12-2025 13:00,0.5|1.5|13.75|7.25|10.5|14.25,3.25|3.25|3.25|3.25|3.25|3.25,3.25
184,01-12-2025 08:00,01-12-2025 13:00,01-12-2025 14:00,1.5|13.75|7.25|10.5|14.25|5.0,3.25|3.25|3.25|3.25|3.25|3.25,3.25
185,01-12-2025 09:00,01-12-2025 14:00,01-12-2025 15:00,13.75|7.25|10.5|14.25|5.0|8.0,3.25|3.25|3.25|3.25|3.25|3.25,3.25
186,01-12-2025 10:00,01-12-2025 15:00,01-12-2025 16:00,7.25|10.5|14.25|5.0|8.0|12.5,3.25|3.25|3.25|3.25|3.25|3.25,3.25
187,01-12-2025 11:00,01-12-2025 16:00,01-12-2025 17:00,10.5|14.25|5.0|8.0|12.5|11.0,3.25|3.25|3.25|3.25|3.25|3.25,3.25
188,01-12-2025 19:00,02-12-2025 00:00,02-12-2025 01:00,1.25|18.75|1.25|0.5|1.5|3.25,3.25|3.25|3.25|3.25|3.25|3.25,3.25
189,01-12-2025 20:00,02-12-2025 01:00,02-12-2025 02:00,18.75|1.25|0.5|1.5|3.25|2.25,3.25|3.25|3.25|3.25|3.25|3.25,3.25
190,01-12-2025 21:00,02-12-2025 02:00,02-12-2025 03:00,1.25|0.5|1.5|3.25|2.25|7.25,3.25|3.25|3.25|3.25|3.25|3.25,3.25
191,01-12-2025 22:00,02-12-2025 03:00,02-12-2025 04:00,0.5|1.5|3.25|2.25|7.25|16.5,3.25|3.25|3.25|3.25|3.25|3.25,3.25
192,01-12-2025 23:00,02-12-2025 04:00,02-12-2025 05:00,1.5|3.25|2.25|7.25|16.5|10.25,3.25|3.25|3.25|3.25|3.25|3.25,3.25
193,02-12-2025 00:00,02-12-2025 05:00,02-12-2025 06:00,3.25|2.25|7.25|16.5|10.25|0.5,3.25|3.25|3.25|3.25|3.25|3.25,3.25
194,02-12-2025 01:00,02-12-2025 06:00,02-12-2025 07:00,2.25|7.25|16.5|10.25|0.5|0.5,3.25|3.25|3.25|3.25|3.25|3.25,3.25
195,02-12-2025 02:00,02-12-2025 07:00,02-12-2025 08:00,7.25|16.5|10.25|0.5|0.5|0.5,3.25|3.25|3.25|3.25|3.25|3.25,3.25
196,02-12-2025 03:00,02-12-2025 08:00,02-12-2025 09:00,16.5|10.25|0.5|0.5|0.5|1.0,3.25|3.25|3.25|3.25|3.25|3.25,3.25
197,02-12-2025 04:00,02-12-2025 09:00,02-12-2025 10:00,10.25|0.5|0.5|0.5|1.0|0.5,3.25|3.25|3.25|3.25|3.25|3.25,3.25
198,02-12-2025 05:00,02-12-2025 10:00,02-12-2025 11:00,0.5|0.5|0.5|1.0|0.5|5.0,3.25|3.25|3.25|3.25|3.25|3.25,3.25
199,02-12-2025 06:00,02-12-2025 11:00,02-12-2025 12:00,0.5|0.5|1.0|0.5|5.0|3.75,3.25|3.25|3.25|3.25|3.25|3.25,3.25
200,02-12-2025 23:00,03-12-2025 04:00,03-12-2025 05:00,0.5|0.5|0.5|1.25|1.25|7.25,3.25|3.25|3.25|3.25|3.25|3.25,3.25
201,03-12-2025 00:00,03-12-2025 05:00,03-12-2025 06:00,0.5|0.5|1.25|1.25|7.25|1.0,3.25|3.25|3.25|3.25|3.25|3.25,3.25
202,03-12-2025 01:00,03-12-2025 06:00,03-12-2025 07:00,0.5|1.25|1.25|7.25|1.0|1.0,3.25|3.25|3.25|3.25|3.25|3.25,3.25
203,03-12-2025 02:00,03-12-2025 07:00,03-12-2025 08:00,1.25|1.25|7.25|1.0|1.0|0.75,3.25|3.25|3.25|3.25|3.25|3.25,3.25
204,03-12-2025 03:00,03-12-2025 08:00,03-12-2025 09:00,1.25|7.25|1.0|1.0|0.75|1.5,3.25|3.25|3.25|3.25|3.25|3.25,3.25
205,03-12-2025 04:00,03-12-2025 09:00,03-12-2025 10:00,7.25|1.0|1.0|0.75|1.5|0.75,3.25|3.25|3.25|3.25|3.25|3.25,3.25
206,03-12-2025 05:00,03-12-2025 10:00,03-12-2025 11:00,1.0|1.0|0.75|1.5|0.75|4.0,3.25|3.25|3.25|3.25|3.25|3.25,3.25
207,03-12-2025 15:00,03-12-2025 20:00,03-12-2025 21:00,0.5|0.5|0.5|4.0|0.75|1.5,3.25|3.25|3.25|3.25|3.25|3.25,3.25
208,03-12-2025 16:00,03-12-2025 21:00,03-12-2025 22:00,0.5|0.5|4.0|0.75|1.5|1.25,3.25|3.25|3.25|3.25|3.25|3.25,3.25
209,03-12-2025 17:00,03-12-2025 22:00,03-12-2025 23:00,0.5|4.0|0.75|1.5|1.25|0.5,3.25|3.25|3.25|3.25|3.25|3.25,3.25
210,03-12-2025 18:00,03-12-2025 23:00,04-12-2025 00:00,4.0|0.75|1.5|1.25|0.5|0.5,3.25|3.25|3.25|3.25|3.25|3.25,3.25
211,03-12-2025 19:00,04-12-2025 00:00,04-12-2025 01:00,0.75|1.5|1.25|0.5|0.5|0.5,3.25|3.25|3.25|3.25|3.25|3.25,3.25
212,05-12-2025 01:00,05-12-2025 06:00,05-12-2025 07:00,1.0|0.5|1.5|1.5|1.25|1.5,3.25|3.25|3.25|3.25|3.25|3.25,3.25
213,05-12-2025 02:00,05-12-2025 07:00,05-12-2025 08:00,0.5|1.5|1.5|1.25|1.5|1.5,3.25|3.25|3.25|3.25|3.25|3.25,3.25
214,05-12-2025 03:00,05-12-2025 08:00,05-12-2025 09:00,1.5|1.5|1.25|1.5|1.5|1.5,3.25|3.25|3.25|3.25|3.25|3.25,3.25
215,05-12-2025 04:00,05-12-2025 09:00,05-12-2025 10:00,1.5|1.25|1.5|1.5|1.5|1.0,3.25|3.25|3.25|3.25|3.25|3.25,3.25
216,05-12-2025 05:00,05-12-2025 10:00,05-12-2025 11:00,1.25|1.5|1.5|1.5|1.0|1.0,3.25|3.25|3.25|3.25|3.25|3.25,3.25
217,05-12-2025 06:00,05-12-2025 11:00,05-12-2025 12:00,1.5|1.5|1.5|1.0|1.0|1.0,3.25|3.25|3.25|3.25|3.25|3.25,3.25
218,05-12-2025 07:00,05-12-2025 12:00,05-12-2025 13:00,1.5|1.5|1.0|1.0|1.0|1.5,3.25|3.25|3.25|3.25|3.25|3.25,3.25
219,05-12-2025 08:00,05-12-2025 13:00,05-12-2025 14:00,1.5|1.0|1.0|1.0|1.5|2.5,3.25|3.25|3.25|3.25|3.25|3.25,3.25
220,05-12-2025 09:00,05-12-2025 14:00,05-12-2025 15:00,1.0|1.0|1.0|1.5|2.5|10.5,3.25|3.25|3.25|3.25|3.25|3.25,3.25
221,05-12-2025 10:00,05-12-2025 15:00,05-12-2025 16:00,1.0|1.0|1.5|2.5|10.5|10.0,3.25|3.25|3.25|3.25|3.25|3.25,3.25
222,05-12-2025 11:00,05-12-2025 16:00,05-12-2025 17:00,1.0|1.5|2.5|10.5|10.0|7.0,3.25|3.25|3.25|3.25|3.25|3.25,3.25
