sequence_id,input_start,input_end,target_timestamp,rainfall_sequence,water_level_sequence,target_water_level
1,2022-01-11 05:00:00,2022-01-11 10:00:00,2022-01-11 11:00:00,1.0|3.5|1.5|2.5|13.5|9.5,1.37|1.367|1.367|1.368|1.364|1.364,1.362
2,2022-01-11 06:00:00,2022-01-11 11:00:00,2022-01-11 12:00:00,3.5|1.5|2.5|13.5|9.5|5.0,1.367|1.367|1.368|1.364|1.364|1.362,1.362
3,2022-01-11 07:00:00,2022-01-11 12:00:00,2022-01-11 13:00:00,1.5|2.5|13.5|9.5|5.0|3.5,1.367|1.368|1.364|1.364|1.362|1.362,1.362
4,2022-01-11 08:00:00,2022-01-11 13:00:00,2022-01-11 14:00:00,2.5|13.5|9.5|5.0|3.5|9.25,1.368|1.364|1.364|1.362|1.362|1.362,1.362
5,2022-01-11 09:00:00,2022-01-11 14:00:00,2022-01-11 15:00:00,13.5|9.5|5.0|3.5|9.25|16.75,1.364|1.364|1.362|1.362|1.362|1.362,1.362
6,2022-01-11 10:00:00,2022-01-11 15:00:00,2022-01-11 16:00:00,9.5|5.0|3.5|9.25|16.75|3.0,1.364|1.362|1.362|1.362|1.362|1.362,1.354
7,2022-01-11 11:00:00,2022-01-11 16:00:00,2022-01-11 17:00:00,5.0|3.5|9.25|16.75|3.0|1.5,1.362|1.362|1.362|1.362|1.362|1.354,1.363
8,2022-02-11 00:00:00,2022-02-11 05:00:00,2022-02-11 06:00:00,9.0|22.75|60.5|13.0|93.75|769.5,0.578|0.577|0.578|0.578|0.575|0.576,0.577
9,2022-02-11 01:00:00,2022-02-11 06:00:00,2022-02-11 07:00:00,22.75|60.5|13.0|93.75|769.5|1412.5,0.577|0.578|0.578|0.575|0.576|0.577,0.578
10,2022-02-11 02:00:00,2022-02-11 07:00:00,2022-02-11 08:00:00,60.5|13.0|93.75|769.5|1412.5|69.0,0.578|0.578|0.575|0.576|0.577|0.578,0.58
11,2022-02-11 03:00:00,2022-02-11 08:00:00,2022-02-11 09:00:00,13.0|93.75|769.5|1412.5|69.0|40.0,0.578|0.575|0.576|0.577|0.578|0.58,0.581
12,2022-02-11 04:00:00,2022-02-11 09:00:00,2022-02-11 10:00:00,93.75|769.5|1412.5|69.0|40.0|170.5,0.575|0.576|0.577|0.578|0.58|0.581,0.578
13,2022-02-11 05:00:00,2022-02-11 10:00:00,2022-02-11 11:00:00,769.5|1412.5|69.0|40.0|170.5|4.0,0.576|0.577|0.578|0.58|0.581|0.578,0.576
14,2022-02-11 06:00:00,2022-02-11 11:00:00,2022-02-11 12:00:00,1412.5|69.0|40.0|170.5|4.0|1.5,0.577|0.578|0.58|0.581|0.578|0.576,0.575
15,2022-03-11 17:00:00,2022-03-11 22:00:00,2022-03-11 23:00:00,6.833333333333333|6.333333333333333|2.333333333333333|1.5|11.0|10.0,0.592|0.551|0.566|0.59|0.589|0.578,0.578
16,2022-12-12 10:00:00,2022-12-12 15:00:00,2022-12-12 16:00:00,1.25|1.75|7.5|7.75|2.0|4.5,1.271|1.275|1.283|1.333|1.44|1.572,1.682
17,2023-01-05 07:00:00,2023-01-05 12:00:00,2023-01-05 13:00:00,1.0|1.0|0.5|0.5|4.25|0.5,0.045|0.044|0.068|0.085|0.104|0.084,0.072
18,2023-01-05 08:00:00,2023-01-05 13:00:00,2023-01-05 14:00:00,1.0|0.5|0.5|4.25|0.5|0.5,0.044|0.068|0.085|0.104|0.084|0.072,0.052
19,2023-01-05 09:00:00,2023-01-05 14:00:00,2023-01-05 15:00:00,0.5|0.5|4.25|0.5|0.5|0.5,0.068|0.085|0.104|0.084|0.072|0.052,0.042
20,2023-01-05 10:00:00,2023-01-05 15:00:00,2023-01-05 16:00:00,0.5|4.25|0.5|0.5|0.5|0.5,0.085|0.104|0.084|0.072|0.052|0.042,0.048
21,2023-02-05 00:00:00,2023-02-05 05:00:00,2023-02-05 06:00:00,2.0|2.0|0.5|2.25|12.0|2.833333333333333,0.066|0.063|0.062|0.066|0.067|0.071,0.071
22,2023-02-05 01:00:00,2023-02-05 06:00:00,2023-02-05 07:00:00,2.0|0.5|2.25|12.0|2.833333333333333|0.5,0.063|0.062|0.066|0.067|0.071|0.071,0.088
23,2023-02-05 02:00:00,2023-02-05 07:00:00,2023-02-05 08:00:00,0.5|2.25|12.0|2.833333333333333|0.5|0.5,0.062|0.066|0.067|0.071|0.071|0.088,0.098
24,2023-02-05 10:00:00,2023-02-05 15:00:00,2023-02-05 16:00:00,0.5|0.5|1.25|1.5|0.75|0.5,0.084|0.081|0.068|0.173|0.08|0.085,0.079
25,2023-02-05 11:00:00,2023-02-05 16:00:00,2023-02-05 17:00:00,0.5|1.25|1.5|0.75|0.5|0.5,0.081|0.068|0.173|0.08|0.085|0.079,0.08
26,2023-02-05 12:00:00,2023-02-05 17:00:00,2023-02-05 18:00:00,1.25|1.5|0.75|0.5|0.5|0.5,0.068|0.173|0.08|0.085|0.079|0.08,0.06
27,2023-03-11 09:00:00,2023-03-11 14:00:00,2023-03-11 15:00:00,0.5|6.5|6.0|7.5|2.0|0.5,0.05|0.032|0.024|0.037|0.022|0.021,0.027
28,2023-03-11 10:00:00,2023-03-11 15:00:00,2023-03-11 16:00:00,6.5|6.0|7.5|2.0|0.5|0.5,0.032|0.024|0.037|0.022|0.021|0.027,0.058
29,2023-03-12 00:00:00,2023-03-12 05:00:00,2023-03-12 06:00:00,3.5|3.0|8.5|3.0|3.75|1.5,0.04|0.027|0.03|0.031|0.061|0.043,0.029
30,2023-12-12 14:00:00,2023-12-12 19:00:00,2023-12-12 20:00:00,0.5|1.0|4.5|43.0|6.5|1.5,10.055|10.055|10.058|10.057|10.052|10.049,10.048
31,2024-05-08 01:00:00,2024-05-08 06:00:00,2024-05-08 07:00:00,2.0|7.0|5.5|16.25|12.5|10.75,10.064|10.065|10.064|10.064|10.064|10.064,10.064
32,2024-05-08 02:00:00,2024-05-08 07:00:00,2024-05-08 08:00:00,7.0|5.5|16.25|12.5|10.75|3.25,10.065|10.064|10.064|10.064|10.064|10.064,10.064
33,2024-06-06 20:00:00,2024-06-07 01:00:00,2024-06-07 02:00:00,14.0|8.25|2.0|2.5|22.75|3.75,10.062|10.063|10.061|10.064|10.062|10.064,10.062
34,2024-06-06 21:00:00,2024-06-07 02:00:00,2024-06-07 03:00:00,8.25|2.0|2.5|22.75|3.75|0.5,10.063|10.061|10.064|10.062|10.064|10.062,10.063
35,2024-12-11 00:00:00,2024-12-11 05:00:00,2024-12-11 06:00:00,0.5|1.0|2.0|1.0|4.5|8.333333333333334,10.062|10.061|10.062|10.062|10.061|10.062,10.062
36,2024-12-11 01:00:00,2024-12-11 06:00:00,2024-12-11 07:00:00,1.0|2.0|1.0|4.5|8.333333333333334|4.833333333333333,10.061|10.062|10.062|10.061|10.062|10.062,10.061
37,2024-12-11 02:00:00,2024-12-11 07:00:00,2024-12-11 08:00:00,2.0|1.0|4.5|8.333333333333334|4.833333333333333|3.25,10.062|10.062|10.061|10.062|10.062|10.061,10.061
38,2024-12-11 03:00:00,2024-12-11 08:00:00,2024-12-11 09:00:00,1.0|4.5|8.333333333333334|4.833333333333333|3.25|2.5,10.062|10.061|10.062|10.062|10.061|10.061,10.061
39,2024-12-11 04:00:00,2024-12-11 09:00:00,2024-12-11 10:00:00,4.5|8.333333333333334|4.833333333333333|3.25|2.5|5.166666666666667,10.061|10.062|10.062|10.061|10.061|10.061,10.06
40,2024-12-11 05:00:00,2024-12-11 10:00:00,2024-12-11 11:00:00,8.333333333333334|4.833333333333333|3.25|2.5|5.166666666666667|4.0,10.062|10.062|10.061|10.061|10.061|10.06,10.061
41,2024-12-11 06:00:00,2024-12-11 11:00:00,2024-12-11 12:00:00,4.833333333333333|3.25|2.5|5.166666666666667|4.0|2.0,10.062|10.061|10.061|10.061|10.06|10.061,10.061
42,2024-12-12 02:00:00,2024-12-12 07:00:00,2024-12-12 08:00:00,10.0|3.5|0.5|0.5|11.75|2.0,10.055|10.057|10.06|10.062|10.061|10.061,10.06
43,2024-12-12 03:00:00,2024-12-12 08:00:00,2024-12-12 09:00:00,3.5|0.5|0.5|11.75|2.0|2.5,10.057|10.06|10.062|10.061|10.061|10.06,10.061
44,2024-12-12 04:00:00,2024-12-12 09:00:00,2024-12-12 10:00:00,0.5|0.5|11.75|2.0|2.5|2.25,10.06|10.062|10.061|10.061|10.06|10.061,10.062
45,2024-12-12 05:00:00,2024-12-12 10:00:00,2024-12-12 11:00:00,0.5|11.75|2.0|2.5|2.25|2.5,10.062|10.061|10.061|10.06|10.061|10.062,10.061
46,2024-12-12 06:00:00,2024-12-12 11:00:00,2024-12-12 12:00:00,11.75|2.0|2.5|2.25|2.5|4.5,10.061|10.061|10.06|10.061|10.062|10.061,10.06
47,2024-12-12 07:00:00,2024-12-12 12:00:00,2024-12-12 13:00:00,2.0|2.5|2.25|2.5|4.5|29.0,10.061|10.06|10.061|10.062|10.061|10.06,10.056
48,2025-01-12 00:00:00,2025-01-12 05:00:00,2025-01-12 06:00:00,0.5|0.5|1.5|0.75|0.5|0.75,10.064|10.063|10.064|10.064|10.064|10.064,10.064
49,2025-01-12 01:00:00,2025-01-12 06:00:00,2025-01-12 07:00:00,0.5|1.5|0.75|0.5|0.75|0.5,10.063|10.064|10.064|10.064|10.064|10.064,10.064
50,2025-01-12 02:00:00,2025-01-12 07:00:00,2025-01-12 08:00:00,1.5|0.75|0.5|0.75|0.5|0.5,10.064|10.064|10.064|10.064|10.064|10.064,10.064
51,2025-01-12 03:00:00,2025-01-12 08:00:00,2025-01-12 09:00:00,0.75|0.5|0.75|0.5|0.5|1.5,10.064|10.064|10.064|10.064|10.064|10.064,10.064
52,2025-01-12 04:00:00,2025-01-12 09:00:00,2025-01-12 10:00:00,0.5|0.75|0.5|0.5|1.5|13.75,10.064|10.064|10.064|10.064|10.064|10.064,10.064
53,2025-01-12 05:00:00,2025-01-12 10:00:00,2025-01-12 11:00:00,0.75|0.5|0.5|1.5|13.75|7.25,10.064|10.064|10.064|10.064|10.064|10.064,10.065
54,2025-01-12 06:00:00,2025-01-12 11:00:00,2025-01-12 12:00:00,0.5|0.5|1.5|13.75|7.25|10.5,10.064|10.064|10.064|10.064|10.064|10.065,10.065
55,2025-01-12 07:00:00,2025-01-12 12:00:00,2025-01-12 13:00:00,0.5|1.5|13.75|7.25|10.5|14.25,10.064|10.064|10.064|10.064|10.065|10.065,10.064
